Descripcion;EUROS
Cliche;42.07
Desengrasante lava-cam 5l.;22.20
Cucarachicida  25  l.  x  1;6.76
Lavamat  hd  vajilla  autom.  30 kg.;77.89
Desengrasante  desplas   4 x 5;18.21
Bolsa  vacio   15 x 20  x  1000  und.;55.80
Ambientador spray camp. rosas;3.95
Ambientador spray camp. fresc;3.95
Bolsa  de  vacio  250 x 300 x 300 und.;0.15
Bolsa  de  vacio  150 x 300;0.06
Bolsa vacio 400 x 600 500 unds.;175.00
Bolsa  de  vacio  350 x 300;0.14
Mango  met. cepillo barrendero  1,40  prof.;2.88
Cepillo  barrendero  b.  s/ palo;12.06
Bolsa  vacio  18 x 31 x 1000  un.;82.50
Gamuza quickstar micro azul 5 u.;2.10
Gamuza quickstar micro roja;8.80
Gamuza quickstar micro verde 5 u.;8.55
Gamuza quickstar micro amarilla 5 u.;8.55
Bandera  varios  paises  1 x 144;2.72
Palmera  con  fruta  1 x 144;11.40
Fontaine  peq.   1 x 200;9.27
Ambientador saniolex delphi  5 l. x 4 g.;31.94
Petroleante emulsionable 10 l.;28.60
Cargas creman azul 400 gr. 0.4 x 20a;35.22
Cargas creman azul 450 kg 0.7 x 12;27.65
Caña  flex.  con  palmera de lujo 1 x 200;13.81
Kenex al-30  limpiador de llantas  10 lt.;18.48
Productos spontex;
Cristalin  auto  10  litros;18.13
Portatoallas  acero  inox.  600 un.;29.75
Ambientador  saniolex sp  5 l. x 4  g.;33.44
Detersol tp-10 tapiceria y moqueta;18.20
Cubo  con  escurridor  gav.  curver   14 l.;2.55
Dosificador mezcla 16 lts. /min.;125.00
Carpetas  encuadernadas;150.00
Ambientador  saniolex  royal;19.95
Carro  plegable  340 l. 1 bolsa;247.20
Abrillantador vinilo klesing 25 l.;83.75
Alfombra  baño  65 x 35;5.50
Piedra afilar;2.98
Lavavajillas aut. semi-dura 30 kg delenex;89.04
Bio toallitas  quitamancha  1 x 12  un.;31.36
Abrillantador  vajilla  autom.  5 lts. x 4 g.;17.64
Papelera  balancin  curver  25  lts.;17.81
Abrillantador  aut.  delenex   ad   10  lts.;47.91
Abrillantador  maq. aut.  a/d delenex   25  kg.;106.93
Bellota azada 228-c;8.67
Vajilla  autom.  delenex  dr  6 kg. x 4 g.;16.39
Vajilla  aut.  delenex  ad   12  kilos;38.38
Vajillas  aut. delenex   dr    30 kg.;93.60
Lavavajillas aut. 30 kg. semi-dura;58.20
Sabomans  gel  manos   5  l.  x  4 g.;8.88
Impresion serigrafia;150.00
Sabomans  pasta  mecanico  10  kg.;33.58
Posa-vasos soft 9 cms. impresion nordfrost;24.00
Cubo basura exterior 70 l. negro;12.45
Bolsa de vacio 14 x 25 1000 unds.;35.70
Abrelata  buho;1.58
Defort closs desatascador  enrg.  1kg. x 12 un.;7.35
Defor  plus  5 l. desincrust.  energ.  4  un.;11.67
Desincrust.  defor plus  10 l. no usar en griferia;23.21
Mango azada 110 x 42;1.78
Defor  solido  limpiador en polvo  1 k  x 15 un.;3.29
Desincrustante  wc  defort   1 l. x 15  u/c;2.73
Hermitico rectangul.1,8 lt.;2.69
Hermetico rectangul. 2,8 lt.;5.15
Limpiador amoniacal concetrado  nettion   10  l.;19.50
Desengrasante  kenex  plus   5 l. x 4 g.;18.72
Nettion an  limpiador bioalcohol perf.  10 l.;16.02
Spray express vileda;57.60
Nettion fax  limpiador abrillant.  10  l.;26.04
Nettion limon limp.  neutro  10 lt.;14.18
Kenex  ts  limpiador  de tintas  5 l. x 4 un.;20.88
Vaso plast. transp. 300 cc x 2500;0.03
Papel  parafinado  27 x 38  anonimo  20 kg.;39.08
Defort crema  1 kg. vitroceram.  12 un.;3.29
Cesto plast. 30 trabas;2.95
Fervik cubeta rect. c/ tapa 6 l.;6.36
Carro movasca  nick  25 lt. c/ prensa  tts;139.00
Manilla  u  nick;14.90
Cubo  4 lt. verde;5.18
Portacubos  4 lt. nick  tts;15.34
Nettion germicida  10  lts. conten. , granjas;67.34
Detersol  h1  10 lt.  detergente  lavadora liquido;25.65
Detersol  previo  10  kilos;17.94
Detersol  previo  lavadora  25  kg.;41.56
Cubo  obras  canario  nº  25;5.87
Limpiad.  amoniac. manzana nettion  10 l.;15.55
Aspirador  daap  pl-370-b;560.00
Cristalin  pulver.  1 lt.  x  15 un.;3.65
Turbo  net  aspirador insect.  gris;113.89
Milane suavizante perf.  10 l.;14.28
Klesin limpiador  inox   5l x 4 g.;21.84
Cubeta  18 l. 40 x 47 x 14;12.65
Insecticida para arrast. g. 5 lt. mki 0,7;13.60
Saniblok  desodorizante sanitarios c/ 12 u.;19.44
Lubacin  b   bactericida  fungicida  perf.  10  l.;21.49
Caja   fosf.  impreso  chiripa;0.11
Dispensador  bacteriostatico;70.73
Salvauñas vileda prof. negro;12.10
Disco super pap  vileda 430 mm. rojo 5 u.;4.19
Disco super pap vileda 540 mm. negro 5 u.;6.83
Disco super pap vileda 540 mm. rojo 5 u.;6.83
Vaso chupito  color  c/ 1000 un.;22.55
Salvauñas vileda puractive 10 unds.;12.26
Guantes nitrilo super tuff vileda med. 10 x 1000;16.00
Vaso  chupito  plast.  c/ 1000 un.;22.55
Estropajo inox vileda 60 gr. 10 u.;1.33
Salvauñas vileda puractive rojo 10 unds.;12.26
Cenicero redondo trans.;1.09
Cepillo barrendero vileda suave 50 cms.;12.40
Cepillo barrendero vileda rigido 50 cms.;12.00
Set  escobilla con soporte vileda 12 unds.;1.66
Gamuza gp. plus roja 150 unds.;7.81
Gamuza gp plus azul 150 u.;7.75
Gamuza gp plus verde 150 u;7.75
Gamuza gp plus amarilla 150 u.;7.75
Azucarero dosificador inox;3.28
Cepillo vajilla vileda 28 cm.;1.15
Cepillo de uñas vileda 12 unds.;1.20
Cerakles incolora 5 l. x 4 g  cera pisos;18.00
Servilleta doble point 40 x 40  burdeos  1200 und.;42.00
Servilleta  double  point plus  bl.  40 x 40  2 c.;33.60
Servilleta 40 x40 double point cadaques;39.60
Gold coast ultra lihgt;9.91
Ambient.  ecolg.  eden   5 l. c/4  un.;16.12
Servilleta 20x20 d/c 60x100 punta cana;114.00
Servilletas  amarillas  1 cp.  33 x33 x 30 paq.;1.41
Desengrasante  en  frio  5 l. c/ 4 un.;10.11
Desengrasante  horno  y  plancha  5 l. x 4;11.19
Disp.  mini - servis   lujo;69.30
Dispensador alambre mantelines 31 x 43;16.58
Bandeja  transp.  c/t   500  cc;0.19
Bandeja  transp.  c/t  750  cc;0.22
Mantelin  tractoria  43 x 31  50 grs.  4 x 500;28.15
Mantelin  43 x 31  volare  50 gr.;21.90
Mantelin  dry tissue  30 x 40  greca   4 x 200;94.67
Mantelito  snack  43 x 31   2000;40.88
Mantel cortado  50 x 35  orla  maxin;34.20
Mantel  trattoria   35 x 50 x 500 x 5  paq.;77.23
Mantelin  snack  pers.  43 x 31  x  2000;0.03
Bandejas octogonales 28 x 38 plata;84.00
Abrillantador  lava,  autom.   25  lts.;56.18
Bolsa basura 90 x105  c/ 30 ps;0.12
Bandeja ensalad.  250 cc  c/t   250  un.;43.50
Travi  28  spray  mopa   1000 cc.;4.97
Espumadera alambre 20 inox;21.89
Envase  aluminio  redondo  20 cm. x 6,5 600  un.;0.15
Posataza  volare  cart.  12 x 500  un.;0.03
Posa vasos waljisoft 9 cms. 110 grs.;87.00
Posavaso  cart.  red.  9 cm.  impr.  chiripa;0.03
Posa vaso  trattoria  12 paq. x 500 - caja  6000 u;21.76
Posavasos   esp.  10,5  cms.  impresos;0.04
Drip-mats  salvagotas   9  cm.   1000  un.;11.90
Sobrecito  quitamanchas  6 x 8 cms.;73.00
Toallitas  mini  citron  3000 unds.;0.06
Ambientador saniolex fresh  5 l. x 4 g.;19.23
Vi  vajillas  manual  concentrado  5 lt.;8.60
Test  kit  ph - cloro;12.62
Tapa envase  alum.  13 x 18  - 750  un.;28.78
Vi  vajillas  autom.  ad  30 kg.;69.60
Abrillantador  vajillas  aut.   25  lt.;88.00
Palo mop-mopa aluminio azul;4.78
Palo cepillo barrendero vileda azul;5.71
Bayeta wettex mediana amar. 10 u. vileda;5.12
Bayeta wettex mediana azul 10 u. vileda;5.12
Bayeta wettex mediana roja 10 u. vileda;5.12
Bayeta vileda wettex med. verde;5.12
Bayeta secaplus cortado 10 u. vileda;0.45
Plato  blanco  carton  15 cm;28.00
Cuchillo  plast.  100  un. x 20 paq. vm;39.54
Pinchitos  madera  extra  15 cm. x 20 paq. x 100 u;8.00
Pinchito  brocheta   madera  26  cm.  1000 un.;7.38
Pinchitos  madera   30  cm.  20 paq. x 100;10.88
Palillos  enfund.  impresos  1 x 1000;7.21
Fuentes magicas helados  12  un.;27.20
Mango  limpiacrist.  evol;9.80
Bandeja  honda  oval.  10,5 x 20 x 3 cm;9.60
Soporte mopa ultraspeed;5.49
Prensa ultraspeed;14.49
Bandeja  honda  rect. 9 x 14 3 cm;41.49
Cubo 25 litros;5.28
Chasis;7.14
Ruedas 75 mm.;2.07
Mopa ultraspeed micro plus;4.76
Servilleta double point maxin 40 x 40 x 1200 u.;39.60
Combo servilleta + mantelin baccus;17.00
Cañita  granizada  0,8 x 25 cms.;51.75
Cañitas  locas  31  cms.  surt.;14.95
Limpiador  activo  ant.  descal.  5 l.;15.22
Kit completo ultra speed 25 l.;65.00
Abanico  con  pavo  15  cm.  144;12.93
Loro  con  plumas   1 x 100;10.32
Palmera   lumaline   144  und.;7.21
Cerakles  cr  5 l. x 4 g.  cera  madera;23.06
Percha  esmalt.  2  ganchos;2.68
Bolsa de pollo  aluminio  n.919  10 x 100;10.84
Adornos  figuras  ojos  moviles    100;15.07
Palmera  lumaline  sur.   144  und.;15.79
Adornos  metal.  fantasia   100;15.76
Maquina  cerrar  bolsas  basura  + 10 rollos cinta;7.98
Jarra tapa crom. dripcut 480 cc. 16 oz.;18.43
Dispensador zumos marron 11,35 l.;67.00
Cucharilla   helados   surtidas;6.55
Cucharita   heledos;6.55
Cuchara scoop helados 12 bolas am.;4.61
Disp.  4  conos  helado  30,6 x 1;32.25
Agitadores  tecno   de  colores;6.00
Envase microondas 500 ml. c/ tapa 400 unds.;72.00
Envase microondas 1500 ml. c/ tapa 200 unds.;88.00
Desengrasante  ind.  free  grass    5  l.;2.72
Multiusos  vi  limpiacristales  5 lt.;10.50
Lavavajillas  manual  soap  manual   5  l.;3.53
Bayeta microfibras tejida ariane ultra  azul;9.96
Porta sandwinch to go 65 x 10;101.00
Pies grandes copa champana;4.05
Parte alta copa de vino 50 x 8 u.;78.15
Copa de champan c/ pies grande;68.69
Palillo madera torneado;1.00
Cubrezapatos   20 x 100;130.24
Proteccion  de  boca  blanco   100  x 20  paq.;0.10
Gorro bl.  non-women  talla unica   10 x 100;104.06
Gorro  blanco  alto  crepe;11.09
Gorro con vicera talla unica;82.65
Taza  blanca  plast.  180  cc.  1200  un. x caja;69.01
Bayeta microfibras tejida ariane ultra  verde;9.96
Guantes  de  vinilo  natural  talla s;6.02
Limpiador  bactericida  vi   5 lt.;13.10
Blonda  rect.  100 un. 34 x 26;3.98
Disp.  coktel  c/ tapa  3   gde.;83.87
Bote  salsa  240  cc   c / 12 un.  gp;2.80
Pera  para  salsas  rojas  360  ml. 12 un.;1.80
Pera  para  salsas   traslucida   360 ml.  12 un.;1.80
Bayeta microfibras tejida ariane ultra  rosa;9.96
Carro  pleg.  lenc.   340 l.;167.53
Plato  hondo  plast.  20,5 cm.  c/1000 - b/100;31.01
Caña  flex.  40  cm. x 250 un. x 24 paq.;1.80
Cañas  flex.  paq.  250  enfundadas;2.76
Canutillos  fruta  ojos  moviles  50;12.19
Caña flex con fruta 33 cm.;3.50
Cañita  cucharilla  0,6 x 19,5  cms.;2.88
Collarines  botella  1000 unds.;33.75
Bayeta  microfibras  tejida ariane ultra  amarilla;9.96
Blonda  calada  oval  24 x 37 x 250 x 4;11.03
"tarrina ""solo"" transparente 37 ml.";150.00
Tarrina  plastico  rojo;35.00
Palillos  espaditas   7,5  cm. x 500  un.;4.67
Decoracion  palillos  helice  100  un.;6.86
Palos  para  pinchos  madera   20 paq. x 500;5.45
Barquita translucida 500 c.c.;40.00
Palillos  de  fiesta   20 cm.  palm. lum. 100 un.;5.22
Vaso q2c  plast.  blanco  200 cc 15 paq. x 10  un.;1.22
Cañitas refresco colores 24 cm.;0.62
Pecip. car# negro 7,4 x 7,4 cm.;60.00
Envase microondable  150 ml. 1000 un.;71.00
Napa fina no tijada impregnada 40 x50;5.83
Carga   bacter  maya  caja de  6  un.;21.56
Ambientador saniolex manzana  5 l. x 4 g.;25.99
Bandeja  unipack  200  und.  x  1000  cc;0.23
Ambifresh   cko  5 lt.;27.10
Ambientador saniolex manzana 750c.c;4.80
Ambifresh  et  5 lt.;27.10
Ambifresh  lw  5 lt.;27.10
Ecobilla   beltran   plst.  wc   c/s;5.73
Bandeja antideslizante 36cm;20.00
Bandeja plast. 27 x 36 chocolate;3.60
Fregasuelo  neutro  frebal  manzana   5  l.;1.23
Emb.  foam  1  compart.   200  und.;0.23
Fregasuelo  desinf. floram  lima   5  l.;1.23
Dosificador de pasta (caña 23 cm);16.60
Vela candelab. 250 rojo 10 pack.;27.67
Vela candelab. 250 crema 10 pack;3.78
Cenicero aluminio dorado;73.00
Vela  candelab. 250 rosa  30 x 4;27.68
Vela  de  mesa  crema  30   x  4  pack;6.42
Vela  candelab.  250  melocot. 30-p;9.72
Velas  lamparilla  con soporte 10 x 100;64.82
500 recipiente  pp  mini  375 ml.  ensalad.;65.00
500 recipiente pp mini clip  500  un.  500 cl.;67.00
Envase  de  750  c.c.  c/  tapa  200unds.;103.50
Envase t/ transp.  1000 ml.  160 un.;88.00
Ambientador  saniolex  sol  5 l. x 4 g.;33.00
Envase alum. 22 x 17 x 35;5.85
Bolsa para pollos fritos y congelados 1 x 100;0.15
Bolsa  perg.  3 kg.  para  pollos;0.15
Sobre  papas  fritas  vol.  perg.;0.01
Sobres  papas  fritas   per.   12 x 12;0.01
Papelinas de punta 100 gr.  7 x 1000;32.00
Barquita carton volare  480 cc  18 x 200;0.07
Barquita carton volare 960 cc  4 paq. x 200 un.;17.34
Barquita  cartoncillo  1200  c.c.  imp. pers.;109.00
Barquita  carton volare   1440 cc   8 paq. x 100 u;0.07
Barquita  carton  volare  1440  cc   8 x 100;7.10
Maleta picnic  peq.  24,5 x 13.5 x 12,5  micro;54.00
Maletas  comidas  para  llevar  caja  100 un.;73.00
Maceta  med.  stefan  35 cm.;4.89
Recipiente  palomitas  45 grs.  65 x 174 x 87;91.00
Estropajo  inox  vileda  40 grs 5 x 10 unds.;78.00
Emb.  hamburg.  foam  12 x 12 x 7,5  x 500  und.;0.11
Bolsa  hamburguesa  1 x 100  bl.;15.88
Bolsa  vacio  30 x 40   1000  unds.;159.49
Bolsa  abierta dos lados 13 x 14 cms;25.46
Bolsa   baguette  normal   9 x 30  cm.;0.03
Bolsa abierta antigrasa  13 x 14  arepa  500 x 12;18.50
Bandejita  carton  fast - food  23 x 8;25.00
Caja  pizza  26 x 26 x 100;20.59
Caja  pizza   29 x 29  bl.  100 un.;0.21
Cajas  pizza   32 x 32 x 100;27.91
Caja pizza  40 x 40 x 3,5  bl.  100 un.;48.00
Mesita pizza 37 mm. alt. x 45 mm diam.;20.00
Pizza cutter 12,5 cm.;13.50
Bandeja  oval  33,3 x 22,3 cm.  10 paq. x 10;42.17
Bandeja  oval  44,5 x 29,5  cm.   10 paq. x 10;68.19
Bandeja  oval  55,36 x 36 cm.   15 paq. x 3;57.17
Cuchillo  plastico   16  cms.   100 x 30;0.03
Cuchara plast.  16 cm.  bl.  30 paq. x 100  un.;72.71
Bolsa cubiertos completa  250 und.;54.00
Vaso  isotermo  porex  bl. 0,18;0.06
Tapa  vaso  isotermo  bl.  1,8;0.05
Ambient.  saniolex   sauna  5 lt. x 4;29.00
Gel  de manos  nacarado  viderm   5 lt.;8.60
Pasta  mec. cream  10 kg.  vilaro;37.31
Toallitas  mini citron  impresas;0.06
Plato econom. bl. 17 cms. 100 unds. postre;75.00
Plato  foam   15  cm.  1000  un.;49.00
Plato  foam   18  cm.    1000  un.;57.00
Plato  foam  laminado  23  cms.;105.00
Bolsa  vacio  30 x 50 x 500 un.;106.79
Vaso bl. plastico  166 cl. 3000 un.;50.04
Tubo  dispensador  vasos;75.09
Tubo  disp.  conos  heledo   35;75.11
Tubo  disp.  conos  helados  56;69.78
Soporte  en  z  3  tubos  disp.;99.11
Delantal  polietileno  60 x 107 x 100 un.;8.24
Delantal plast.  bl. 76 x 122  cm.  paq.  100  un.;9.25
Cubrezapatos  50  x  100;190.00
Guante  malla  chainex;253.00
Pinza  plastica  pack  24 un. x 30  paq.;27.78
Bolsa  de  leña   brezo  10  kilos;4.76
Ambient. saniolex  mambo  5 l.  x 4  un.;30.38
Bote  club  c/t  1 lt.  x 6 un;3.48
Dispensador  hig.  jumbo  blanco;30.82
Cubo pedal inox 25 diam. x 40 cms.;50.00
Escobilla   wc   lujo;45.22
Dispensador  2  rollos  +  cenicero;41.41
Proteccion asas horno  31 cm.;29.00
Champu 500 u.;135.00
Gel 500 u.;135.00
Jaboncito 300 u.;132.00
Sacacorchos  madera;1.69
Envase  125  ml.;60.48
Recipiente  200 ml.;75.96
Tapa  para  recipiente  200  ml.;60.86
Caña flex. 24 cm. neon 6 x 1000;26.40
Pinchito 6,8 cm;3.75
Cañas  flex.   24  cm.  10  paq.  x  250  un.;12.60
Palillos  redondos  80 mm ( 30 x 1000 );0.98
Cañita flex. 24 cm. rosa;4.40
Servilletas  royal  eleg.  azul  1 x 375;39.38
Servilletas  royal  eleg.  curry;39.38
Papelera perforada 12l.;3.47
Porta cartas  metac.  din a-4  ( 21 x 29,7 cms.);10.00
Porta cartas  metac.  12,5  x 18 cms.;5.00
Pinzas  ropa  gigante  12  x  20 unds.;2.20
Toalleta natural 20 x 250 verde;22.80
Copa  helado azul  saphir  2 un.;2.61
Servicio agua quadro 7 p.;6.67
Placa  grill  45 x 27 cms.;101.85
Cartelera pie, letras 50 x38 cm;500.00
Guantes  superfood  med.;1.02
Rotulador grande blanco;8.00
Guantes  superfood  grande   10 x 10 ( 100 );1.02
Rotulador pequeño blanco;8.00
Cubiertas para block de comandas;8.15
Bloc  comanda  autoc.  triple  10 x 15  verde  200;1.09
Rejilla cubeta 1545;4.20
"placa ""no  fumar""  12 x 12";8.00
"placa metacrilato "" reservado camarero""";9.00
Pincel mango blanco 7,5 cm.;3.69
Pincel mango blanco 5 cm.;2.76
Vaso  bl.  80 cl.  50 un. x 42 paq.;32.00
Perchas  plast.  girat.  caja  12  un.;1.60
Bandera  100 x 70  cms.  canarias;17.00
Bandera   100 x 70  cms.  españa;17.00
Bandera  100 x 70  cms.   francia;17.00
Bandera  100 x 70  cms.  irlanda;17.00
Bandera   100 x 70  cms.   gran bretaña;17.00
Bandera   100 x 70  cms.  alemania;17.00
Bandera   100 x 70  cms.   consejo  de  europa;17.00
Cortadores ovalados acanalados;5.99
Moldes pasteleria;10.14
Tapon champan;2.08
Cañita flex. 10 x 100 x 10;2.52
Copa  de  vino  real   12  un.;16.60
Guante  termico  dos  dedos  38 cm. md.;66.00
Bata 140 cms blanca;187.72
Espatula    plana;3.44
Bolsa poliprop. 35 x 45 cms. camisa pijama impr.;70.20
Sacatapas buho;0.86
Armario  20  llaves;33.00
Pañuelos faciales 40 x 100;27.84
"carteles ""no molestar""";12.50
Dispensador portaklenex inox;15.00
Envase de aluminio  20,3 x 94 x 53 mm  x 1200 un.;202.85
Rollo  floor  beig sombras  65 x 15 m.;8.73
D-c floor burdeos 65 x 15 m.;8.63
Rollo  floor  azul marino  65 x 15 m.;8.73
Rollo  floor  gris perla   65 x 15 m.;8.73
Rollo floor  verde oscuro  65 x 15 m.;8.73
D-c  floor  rojo  1 x 15;9.93
Rusch stopp  azul  1,20  x  30 cm.;5.54
Rutsch  stopp  verde   1,20 x 30 cm.;5.54
Rutsch  stopp  beig   1,20 x 30 cm.;5.54
Blonda rect. 18 x 25 100 unds.;3.64
Blonda caladas  31 x 38 cm.  100 un.;2.67
Desingel  desincrustante  1 kg.  x 12 un.;3.32
Fregasuelo neutro manzana 5l. x 4 u. celea;3.88
Torre a4;14.62
Portarrollo  hig.  300 m.  inox   c-45;25.54
Moblenet  1 kg.  con pulverizador  12  un.;38.14
Dispensador toallitas y bolsitas de condimentos;28.00
Delantal mandil monedero azul.;6.00
Delantal mandil monedero alg.  65 x 30  burdeos;4.80
Delantal  mandil monedero  65 x 30 negro;5.80
Mandil  monedero  verde;3.60
Delantal  peto  rizo  plast. grande;5.36
Brochas plana 7,5 cm. de ancho;20.00
Tarrina bisagra  ensaladera  500 cc x 520 un.;0.15
Limpiador  desinfect.  wc  1 kg x 12 un.;2.56
Cesta  mimbre  oval  23 x 5 x 9 cms.  caja 2500  u;33.00
Cesta  de  mimbre  simil;32.00
Cesta  mimbre  rectang. 25 x 18,5 x 7,5 cms;4.67
Cesta simil-mimbre rectang. 36 x 25 x 7,5;7.00
Trucongo  chupa -tupolin  peq.   200  und.;4.70
Trucongo  gr.  multicolor  150  und.   1 k.;2.90
Trucongo  gr.  relleno  fruta  surt.  150  und.;3.53
Trucongo  gr.  surt.  festival  250  und.;2.96
Trucongo  gr.  rock  d.  surtido   1 k.;3.83
Gel  de  manos  mecanicos  ah-45   5 kg.;14.40
Fregasuelos  repelentes  de  insectos  5 kg.;13.60
Rack  protege  mercancia  del  suelo  30,5 x 30,5;17.96
Set cuchillo, tenedor y servilleta;108.72
Set cuchillo, tenedor y servilleta 200 u.;18.12
Cubo  7 l.  28,5 x 31 blanco.;20.00
Cartel suelo mojado ingles, español, france;37.00
Restregador  de  suelos  45  cm.  g.p.;3.35
Embase  para  sanwich  1/2;0.09
Twins juego refresco 7 p.;6.99
Desincrust.  griferias  sincal  rec.  1 kg. x 12;2.82
Rejilla  universal  w c   1 x 12;7.51
Rejilla  universal   w. c.;5.89
Rollo  posavasos  especial  rojo;34.21
Cartelera 70 x 50 cm;26.70
Pastilla  jabon  touch  of  charm  1 x 100  unid.;0.08
Jaboncillo  red.  envuelto  40 gr.;0.36
Recambio bolsa hig. 48 u.;48.00
Dispensador porta bolsa hig.;7.00
Gorro  ducha  petaca  touch charm  500 un.;0.23
Calzador  14  cms. touch  of  charm;125.00
Banda  precinto  w. c.   polietileno  bl.;0.03
Bolsa  higienica  polietileno  10 + 5 x 26;29.75
Peine c/ estuche 100 u.;12.50
Gorro ducha 500 u.;92.50
Tarrina  aluminio   red.   1000  und.;0.20
Tapa   tarrina  aluminio   21900     1000 unds.;0.06
Detergente lavadora gp. 20 kg.;35.00
Mascarilla bozal con goma 100 unds.;6.00
Cepillo  almbre  rascador;11.25
Delantal  75 x 90  blanco  cinta  embudo;5.40
Paellera alum. 50 alta;46.63
Botellero pino rioja miel;49.02
Vaso foam  25 un. x 40 paq.  130 cc;0.04
Tapa vaso  foam  130 cc   100 un x 10 paq.;1.84
Cañas  flex.  50  un.  31 cm.   cajas de  100 paq.;0.60
Palas de pin - pona;3.05
Tabla  fibra  40 x 30 x 15;13.88
Suavizante  textil  suavix  blanco   10 kg.;22.25
Carbonato  sodico  s.  25 kg.;30.59
Pasta  mecanica  tecnicream  10  l.;33.10
Caramelo  dietorelle  leche  sin azucar;10.71
Caramelo  dietorelle   sin azucar  fresa;10.71
Taza  asa  metal  cafe;2.28
Bolsa  cotillon  1  estrella;1.00
Cotillon nº 2;0.96
Lubacin bio-s desatascador 200 grs.;5.30
Lavavajillas manual 1 l.x 15 u. manubac celea;1.00
Lavamatic aut. a.d. 12 kg. celea;31.25
Fregasuelo extra floral celea 5 l.;5.71
Recogedor  de polvo c/ mango  negro  curver;20.03
Papelera  13,5  lt. resistente al fuego  beig  rc;25.30
Bolsas  20 x 30  higienicas  20 paq.;10.00
Precinto vaso  15 x 20 x 1000 un.;3.75
Descapsulador inox;0.87
Jarra  policabonato  1.6;9.44
Felpudo  seguro  gris 1,20 x 15 m.;32.41
Felpudo  seguro  azul   1 x 15;40.50
Felpudo  seguro  rojo  1 x 15 m.;40.50
Felpudo  seguro  verde  1,20 x 15 m.;32.40
Felpudo  pies descalzos  azul  1,2 x 15 m.;36.00
Tabla fiambre 36 cm.;6.73
Blonda  red. 40 cm 100 unds.;8.34
Blondas parafinado 45 x 55 100 u.;7.90
Blonda red. calada 10 cms. 250 u.;2.62
Blonda  red. calada  12  cm. x 250 un. x 8  paq.;3.00
Blonda  calada  bl.  29 cm. x 250 un.;6.55
Blonda  calada  red.  31  cm.  x 250 un.;10.06
Blonda   redonda  calada  37  cms. x 250 un.;48.00
Blonda red. calada 42 cms. 250 u.;15.00
Blonda calada rect. 30 x 18 250 unds.;6.61
Blonda cal. rect. 37 x 26 cms. 250 u.;11.50
Blkonda  calada  rect.  42 x 37 x 250 un.;9.10
Blonda rect. 35 x 45 100 u.;12.90
Blonda  rect.  55 x 45 cm.  x 100  un.;22.40
Pala  recogedor  metal  m.  madera;2.94
Blonda  dorada  12  cms. 100 unds.;5.94
Blonda  red.  oro   37 cm.  paq.  100 un.;19.00
Abrillant.  autom.   5 kg.  a/d;23.39
Cuchillo  chuletero    1087;1.12
Tenedor  chuletero   2188;2.01
Espatula s. jorge plancha;7.77
Cuchillo s. jorge carnic.;15.96
Pinza  suprem 2030;3.12
Cochillo  s. jorge  cocina  largo  560-12;26.14
Cuchillo  s. jorge  carnicero  513-3;35.29
Percha  madera  020 - s;1.64
Tenedor  postre  inox.   1 x 72;0.54
Cuchara  limonada   inox  larga   6 x 12;28.89
Colador  1/2  bola  inox   22;20.43
Manguera  helivil  verde  kit  15 m.;19.50
Tapon  descapsulador  14;1.94
Cuchillo jamon bonomi 24 cm.;7.51
Bandeja carton rect. 25 x 17 cms. 250 u.;16.25
Bandeja carton 29 x 21 cms. 250 u.;24.50
Platos pasteleria 25 cm. carton;14.50
Petaca  para  papas fritas  peq.   1000  un.;53.06
Petaca  para  papas  fritas  grandes   1000  un.;75.30
Papel  horno  siliconado 40 x 60  d/ cara  600 un.;44.61
Cubo  50  lt. para desechos  negro  rubermaid;58.70
Recipiente  para  cubiertos  negro  rubermaid;26.40
Tapa  envase aluminio  13 x 18   500 un.;0.50
Recipiente  alum. 85/76 x 36.  120 ml.;60.00
Recambio  raid  30 past.  x  24  paq.;1.77
Tapa  envase  aluminio  15 x 21  -  800  un.;0.05
Tapa  envase aluminio  redondo  20 cm. x 500 un.;0.06
Tapa  envase  aluminio  pollo  500 un.;33.09
Envase  aluminio pollo   500  un.;116.04
Capsulas blancas pasteles 45x26 mm.;7.00
Porta pizza  cuad.  40 x 40 x 50 un.;19.68
Bolsa  celulosa  panaderia  26 x 6 x 35;0.05
Bolsa vacio 200 x 300  c/1000;121.12
Bolsa  vacio  250 x 400  c/1000;193.50
Bolsa  vacio 300 x 500  c/500;145.56
Bolsa  vacio  400 x 500  c/1000;199.75
Sarten  supra  bra  vitro  24;27.36
Toallitas  biospray  10  und.  x  12;3.05
Papelera cesto papelis;8.95
Brazaletes  no  transferibles  amarillos;114.00
Papelera  balancin  curver   15  l.;13.17
Floor beige madera 65 x 15 m.;8.63
Mantel 1 x 1 cuadros azul 400 unds;37.50
Cubo  con  prensa  curver  25 l.;89.49
Haragan  metalico   55  cm.;9.68
Carro  abierto 103 x 51 x 96   blanco  curver;242.20
Copa cobac 270 cc.;1.20
Brillo  grill  limpiahornos   12 un.;4.60
Envase aluminio  13 x 18 - 750  un.;108.30
Car - gas  limpiaparabrisa  3 l.  x 5 un.;4.33
Disp. tipo libreta  suelos mojados;21.06
Embase  de  aluminio  oval    500 un.  c/ tapa;0.27
Caja pinic peq. 30 unds.;19.21
Envase  aluminio  15 x 21 - 800  un.;0.15
Recipiente  para  palillos  inox;12.00
Foco halogeno zf-l300/500p1;7.86
Serv. mesa  inox  aceite/ vinagre;10.00
Disp.  cereales  31  cm.  diam;420.64
Plato  postre  plast.   44  paq.  de  100  un.;2.10
S.c.  botella   1 litro  cajas  de  12  un.;2.07
Lavamatic a.d. 30 kg.;71.20
Brillomatic a.d. 10 kg.;47.90
Brillomatic a. d. 25 kg.;93.50
Deseng. plancha y horno extra  6 kg. x 4 und.;13.92
Lona polietileno azul 5x6 m.;9.30
Arañuela  inox;5.00
Belcro bl. 25 m.;24.61
Cuchillo 250 mm. eis-meer chefs;24.00
Cuchillo eis. meer 200 mm.;21.00
Cuchilla  180 mm. eis-meer;28.00
Tabla  fibra 30 x 20 azul;3.97
Termometro  digital -40 ºc a 200 ºc;50.00
Enpolvador  de  sal  360 ml.;4.50
Guante optimo antialergico peq. 5 x10;0.95
Manga desechable pasteleria;19.00
Guante optimo antialergico gr. 5 x10;1.65
Balanza  mecanica  1 k. -  segon;233.81
Carro de servicio 3 estantes  inox mod. cs-93;272.50
Copa  gran  reserva   caja  de  4  un.;20.12
Tabla fibra 30 x 20 azul;5.15
Multiuso    2 x 6  x 18;45.09
Cubeta manutencion 55 l. c/ tapa;37.17
Cajon  liso 23 l  60 x 40 15;18.09
Guantes  desechables  100 x 100  paq.;0.72
Plato  plast.   21  cm.   100  unds.;0.05
Formula  9/25;50.95
Suavizante   soft / 20  k.;23.15
Papel hig. ind. scott 180 mini jumbo 12 u;1.50
Q-gas  b-30. deterg. vajilla  aut.  semiduras  25;58.45
Limpiador bioalcohol 1 l. x 15 u. celea;0.82
Desengrasante extra 5 l. x  4u. celea;9.00
Desengrasante multi 750 ml. x 20 u. celea;0.98
Limpiacristales glicol 750 ml. x 20 u. celea;1.00
Antical baños 750 ml. x 20 u. celea;1.77
Gel manos dermo 5 l.x 4 u. celea;5.10
Bolsa  de  fruta  3 kg  celulosa;0.06
Bolsa bape transp. 21x27+3 cms;0.55
Mantelito 70 grs logo ibs;25.80
Bolsa vacio 15 x 28 1000 u.;65.00
Bolsa  vacio  23 x 35;115.00
Bolsa  de  vacio  35 x 40;253.00
Bolsa  de  vacio  40 x 60;350.00
Amoniaco  detrg.  777    1  lt.;14.80
Cubo  c/t  verde  70  l.;25.24
Contenedor  de  calla negro  70 l. curver;14.85
Escalera  aluminio  7 p.;54.69
Cubo  c/t  verde  stefan.  100  l.;25.59
Jonmatic  tabs  vajillas  aut.  90 tab.;25.33
Maceta  stefan  24  cm.;1.87
Sprint  limp.  clorado  gel  1,5 lt.;2.28
Pila  tudor  4 un. -alk.  lr-6  peq.;2.72
Maceta  stefanplast c/p. 30 cms.;3.67
Contenedor  360  litros.;151.38
Soporte jabon bombona 4 l.;
Embase  aluminio  c/t  1 x 1000;0.19
Tarrina  inyeccion  500cc  bl. c/ 500 un.;22.84
Raid  max   (  mata  cucarachas );7.21
Cubo  con prensa  curver   25 l.  verde;89.49
Contenedor red. polietileno 5,7 l. 25,4 x 19,4;4.63
Tapa para 5723 y 5724  26 x 2,5 cms.;2.50
Bobina industrial 35 cm x 25 cm. 2u;10.47
Bandeja  de  aluminio  18 x 23   c/ tapa;0.23
Raid cucas cebos 8;9.78
Tapa  termoconformada  c/ 500 un.;14.80
Capsula magdalena nº 6 39 mm;0.40
Capsula magdalena nº 4 32 mm.;0.34
Toalleta kleenex ultra d/c 30 p.;67.50
Papel hig. scott perfomance  84 u.;15.96
Lavavajillas manual 5l. x 4 u. manubac celea;3.53
Bobina secamanos scott d/c 180;4.16
Hilo  pulido  gallo  2/6    paq.  de  10;1.23
Papelera con pedal  30,5  lt.  color beig curver;86.18
Papelera con pedal  87  lt.  color  beig;172.58
Carro de limpieza  con bolsa vinilo  gris curver;181.80
Cinta  embalar   transp.  50 x 132 x 36  unid.;1.56
Carro mantenimiento  c/ bolsa  platino;630.00
Desengrasante  multiuso pulv.  750 ml.;29.93
Desengras. mult. recambio  777   12 un.;25.71
Cubo c/ escurridor 16l. rect. gris;3.12
Cubo con prensa  curver  25 l.  azul;89.49
Papelera c/pedal 7l. blanca;6.80
Cepillo  de  mano  curver;2.84
Cepillo metalico multiuso;2.12
Raqueta dunlop tenis aluminio;29.00
Vaso  poliest.   200 cc  bolsa 25  x 40  paq.;0.96
Tapa  vaso  poliest.  bolsa 100 x 10  paq.;2.58
Copa cerveza 0,3;3.85
Vaso whisky b.60;3.40
Vaso whisky a.79;3.43
Copa coctel 86;3.55
Copa agua 0;3.53
Copa vino 2;3.42
Servilleta 40-2 barcelo confort 24 x100 1 tinta;33.00
Kanfort  bl. crema   caja  de  6  un.;40.24
Bolsa  vacio    20 x 40      1000  unds.;100.19
Fuente porc. mont. 30 x 21;13.59
Plato  hondo  porc.  mont.  22   cim;3.24
Bolsa  vacio  20 x 25     1000  unds.;65.14
Plato  llano  porc. mont.  26   cim;4.88
Mango  aluminio  anodizado   1,50;5.35
Fervik  cubeta  rect.  apilable   6 l.;6.04
Fervik  cubeta  rect.  apilable  10 l.;8.36
Bobina blanca wypall 1500 serv. 2 unds.;8.07
Bobina gigante wypall azul 3 c.;15.52
Cubo  basura   azul  c/t  16 lts.;4.85
Lejia  tres  siete   2,5  lt.;7.48
Lejia  blanca   neocolor  2 lt. x  9;8.87
Lejia  tres  siete   2 l. x 9  bot.;8.87
Lejia 777 4l. x 4;7.75
Lejia  color  neoclor  1 lt.  x  15  bot.;24.79
Limpiador  desincrust.  circuito  lavav.;18.93
Limpia vinilos  lp-09  g.  5  lts.;17.79
Lp-09 limpia vinilos  10  lts.;38.62
Limpiasuelos  lavanda  neutro  10  lts.;17.38
Suavizante  textil  10  lts.;11.00
Amoniaco  perf.  777  1 lt. x 15;16.35
Desengrasante  mult.  recambio  12  un.;28.70
Lejia  conc.  4l.;8.87
Silla  para  niños  platino  rubermaid;149.80
Bandeja para silla de niños platino  rubermaid;32.30
Papelera  mural  57 lt.  beig  curver;109.00
Papelera  mural con cenicero  beig  curver;126.10
Pincho  brocheta   1 x 1000;6.68
Vaso  transp.  220 cc  c/ 3000 - b/ 1000;59.12
Vaso  transp.  330 cc  1250  paq.  50;0.04
Champu h&s;2.86
Tapa   vaso  fom  230  ml.;0.04
Cajas vino 1 botella hojas vid;98.54
Tescoma  azucarero   dosif.;2.52
Maquina  cinta  de  embalar;6.42
Fluorecente  32 w  para turbo  net;60.10
Chupetes  brujas  200  un.;4.95
Pronto  profesional   650  ml.;4.19
Spray  toke   almidon    12  un.;32.24
Cuchara  postre  inox.  313;0.53
Papel hig. scott mini jumbo200x12;13.80
Juego de cuchillos  2 p.;4.34
Suma cristal 20l;149.25
Alcohol de quemar  b. 1 lt.  x  12  un.;20.66
Armario 90cm gris;78.72
Portamenu  3 comp.  125 un. x 2;0.21
Envase  foan  snackbox    125  un. x 4;63.17
Cucharilla  plast.   peq.;0.03
Cucharilla   cafe   paq.  25  und.;0.55
Tenedores  papa  bravas  pq.  1 x 1000;0.02
Cuchillos   pl.  b.  10  und.;0.35
Tenedor  plast.  g.  1 x 100;0.03
Tenedores   pl.  b.  10  und.;0.35
Cuchara  plast.  g.  1  x  100;0.03
Cucharas  pl.   b.  10  und.;0.35
Zum  cucarachas , hormigas , arañas   1000 cc  16;11.98
Catermax   polietileno   89  lts.  plat.  c/r;388.70
Rollo  fibra  blanca  spontex  150 x 3000 -  6 un.;10.20
Sopote  film  45 cm. plastico;9.60
Soporte  film  45  sierra   corte;36.22
Guante  superfood   10 x 10;1.02
Limpiador  boxer  baño  gel  1  lt x 15 b.;25.60
Pelotas de pin - pon 6 unds.;2.54
Detergente  lavadora  soltec  atomizado  10 kg.;19.46
Detergente  lavadora  soltec  25 kg.;47.00
Toallitas  citron ps  limon  4 paq. x 250 un.;51.72
Guantes nitrilo solo ultra blue 997- 6-6 1/2;7.30
Tubo  flexible  blanco;17.73
Paquete  10 bolsas  aspiradora   gd-930;30.42
Almohadilla   color   1 x 1;0.30
Secador de aire  standar    2000;99.18
Secador standard optico;116.62
Secador  ibero  pulsador;280.00
Sec.  ibero   optico  jofel  bl.;341.69
Secador  ibero  optico  inox  satinado  jofel;319.70
Secador  mural  bl.  jofel  pelo;74.40
Abanico  mediano    1 x 144;7.80
Abanico  dec.  grande  144;14.83
Abono;0.00
Abanico  pequeño  144 und.;6.61
Abrillantador  maquina  automatica  5 l. x 4;12.62
Abrillantador  maq.  autom.   5  l.;14.74
Dosificador  aitana  bl.  marca;21.77
Dosificador aitana gris;21.77
Jabonera mini azur blanca;11.95
Lejia ace10 x 2 l.;15.39
Antical maquinas aut. 5l. x 4 g.;1.68
Garrafa  de  agua   destilada   5 lts.;2.55
Dispensador  hig.  epoxi  400 m / 45 mm  jofel;30.68
Portarrollo  inox   300  m.  45  jofel;31.68
Dispensador  hig.  inox  200 m / 45 mm;31.38
Dispensador  hig.  ind.  azur  bl.  marca;20.26
Bot.  de  aguafuerte  1 x 12;0.87
Portarrollo chapa blanca triple;26.10
Toallero  aut.  palanca  fume;71.50
Dispensador  mecha   fume;32.77
Dispensador  mecha mini  fume;23.92
Agua  destilada  1 litro;8.67
Toallero zig zag abs bl. tabarca;16.40
Toallero  z - 600  fume  jofel;23.13
Toallero  z - azur  bl.  marca;23.26
Servilletero  miniservice  jofel;6.38
Dispens.  w-110  blanco  jofel;9.93
Dispensador  automatico   marq.;35.17
Difusor  ambiental  df-101  jofel;8.63
Parrilla    8  w;93.32
Parrilla dt-15 plus w inox;108.70
Ambientador  lavanda;5.89
Ambientador  limon  bajo  jofel;5.71
Ambientador  ck- o  bajo;5.89
Ambient.  w-110  silvestre  jofel  wc;3.74
Botella  ambientador  para df-101  24 un.;5.29
Botella  ambient.  difusor  101 relax   24 un.;110.57
Insecticida  concentrado  matic;5.71
Insecticida  piretrina  jofel;5.71
Aluminio domestico 30 metros;1.95
Rollo  aluminio  dom.  30;2.55
Aluminio industrial 30 x 6 unds.;12.62
Adaptador  a  la  red;12.77
Portakleenex  a.  inox.   emp.;38.16
Aluminio industrial 40 x 6 unds.;17.29
Carro 4 bandejas con ruedas neumaticas;310.50
Carro  inox  2 band.  1  gr.;396.67
Papelera  polipiel  galv.   aro  dorado.;28.56
Papel.  polipiel  aros  dorados  marron;34.40
Papel. polipiel  aros dorados  negra;34.40
Papelera cuad. epoxi negra;21.06
Papelera  pq.  cuadrada   inox;23.15
Papelera   ac.  inox.   circular;28.56
Papelera  cenicero  circ.  mini  ron;24.94
Cenicero papelera  red.  inox;81.41
Cenicero  papelera  latonada  redonda;62.96
Papelera   cenicero   cuadrada   bl.;36.66
Cenicero papelera rectangular negra.40l.;52.10
Papelera tapa basculante inox;94.14
Cenicero  papel.   red. pintada  c/ faldon;49.86
Papelera  antiv.  basc.  epoxi   negra;158.98
Papelera  antiv.  exposi  negra  90  l.;138.98
Tapa  papelera  naranja;7.20
Carro  2 ruedas  epoxi  120 l. gris;144.00
Carro  dos  ruedas t.  plast.  gris  roll box;131.35
Cenicero   interior   president  dor.;95.78
Papelera bascul. grande epoxi bl.;137.40
Papelera   ac.  inox   5  l.;28.95
Cenicero  papelera   galv.  epoxi;46.59
Cenicero  papelera  red.  epoxi  azul;52.25
Cenicero papelera basc. epoxi negro;80.60
Cen. papelera  bas.  pared epoxi  negro;70.40
Cenicero  papelera  basc.  suelo  epoxi  gris;101.87
Papelera  con  tapa  y  pedal  12  l.;45.99
Papelera  cenicero  mod.  al75600;75.14
Papelera  rectangular  con  cenicero;71.52
Papelera cenicero 50l. tapa basculante;93.92
Cenicero papelera media luna inox;73.71
Papelera  chapa  barna  mural   35;101.27
Papelera  semicirc. fijo-rej. blanca;68.84
Papelera meda luna cuadr. negro;107.40
Perchero metal epoxi blanco;65.28
Perchero  8  bolas  epoxi  negro;74.84
Perchero pared 6b. repisa negro;61.29
Perchero  pared  8  b.   con  repisa;45.72
Perchero   pared  8 b. repisa   blanco;63.66
Cenicero  mural  peq.  negro   jofel;31.90
Paraguero   con /  aros  cromados  red.;28.92
Paraguero  con  asas  blanco;28.98
Paraguero  con  asas  negro  20  l.;28.98
Alfombra  plato  ducha  39 x 49;5.50
Almohadilla    de  estropajo   1 x 1;0.30
Dosificador  de  gel  inox  vertical;62.22
Dosificador  de  gel  inox   horizontal;64.02
Portarollos doble con deposito de seguridad inox;66.50
;
Ambientador  esencia  lowe  5 lts.  4  g.;21.85
Rollo  safety - walk   50 x 18  negro;136.76
Alfombra  3m  grafito   60 x 90;56.23
Ambientador spray arrixaca 20 unds.;1.86
Abrillantador  m. aut.  a./d.  25  kg.;103.13
Ambientador  antitabaco   5 lts.   4  g.;15.30
Antical maquina automatica 1 x 12 x 75 cc;2.25
Ambientador ambisyn  5l.x4;18.45
Ambientador  ambysin  g.  3 lt.;11.99
Ambientador concentrado antitabaco;5.71
Ambientador marquesa;5.71
Insecticida jhonson moscas y msoquitos;5.95
Insecticida cucarachas y hormigas;5.95
Ambientador  popular  caja  de  6;3.23
Antimosquitos  raid  aparato  elect.;4.29
Ambientador  tipo  d  5 x 4;18.45
Ambientador  wc  1 x 8;3.23
Soporte porta-camilla  c/ sierra;77.60
Soporte  porta-camilla  s/ sierra;38.31
Antorchas 1,50 cms.;2.40
Antioxido  jhoson   g.  5 lts.;16.72
Animales   pincho   100  und.;7.21
Aceite  parafina   20  un.;63.83
Bidon parafina zibro plus 20 l.;99.00
Sabana  para medico  d/c  camilla  precorte;38.79
Papel mecha palanca d/c;4.59
Pack papel  mecha  palanca  s/c  185;3.97
Aparato ambientador rubbermaid;0.00
Pañuelo tissu 3 capas 10 x 24 muletton;0.75
Numeros  de  laton;5.86
Bobina  mecanico  600  m.  x  280;17.67
Bobina  mecanico  d/c   450;11.90
Pack  higienico  d/c  ind.  c - 25  18 un.;1.35
Pack   higienico  d/c  ind.  c - 45  18 un.;1.35
Pack higienico  d/c  ind.  c - 58  18 un.;1.35
Bobina  mecanico;14.74
Pack  mecha  d/c  gofrado   150 x 6;4.22
Bobina mecha d/c  gofrado  130;20.77
Argollas de cortinas plast.;0.16
Mantel  cortado  1 x 120   400  serv.;39.12
Ambientador  spray    caja  18  un.;3.26
Ambrosia  tirma   36  und.;4.52
Antical  para  sanitarios;16.60
Escobillero  w.c.  cromado;47.78
Delenex champu activo 25 l.;42.50
Barra  esmeril.  abatible  d/i;125.20
Barra  blanca  pared  l;87.44
"barra  esmeril  pared  "" l ""  inox";97.98
Barra inox recta 32 cm.d/i;51.98
Barra esmeril. recta  32 cm.  d/i;37.54
Auyentador de moscas 8 x 4 jhonson;7.21
Brillo  10  und. x 6;15.16
Blonda  rect.  26 x 37    100  un.;0.30
Bolsa basura blanca 52 x 60 x 20 x 60;0.75
Bolsa  abierta antigrasa  16 x 16,5   arepa  500 u;11.42
Bolsa  de  asa   65 x 75;7.21
Bensons;15.85
Blonda rect. 27 x 21 250 unds.;7.74
Bandeja rect. 24 x 26 100 unds.;3.85
Bandeja rect. 20 x 27 250 unds.;22.10
Bandeja red. 29 cms. 100 unds.;16.38
Bandeja rect. 24 x 33 125 unds.;14.95
Bascula 45 x 60  300 kg.;951.42
Bascula 30 kg. 31 x 27;399.81
Secador aire celea calella;240.00
Secador aire celea cadi;110.00
Bobina  mec. 24  x  550  ( +/- 5% )  ppc;12.62
Bolsa  basura   115  x  130   g. 300;0.27
Bolsa  basura  115 x 130 x 200 g.  15 paq. de 10;0.21
Bolsa  basura   115  x  130   g.250    200  und.;0.27
Bolsa basura blanca 45x50x1500;39.61
Bolsa  basura   52 x 58 x 75 paq.;0.48
Bolsa  basura  52 x 60 x  100 paq.;0.51
Bolsa  basura  52 x 60 x 20 x 50  paq.;0.48
Bolsa  basura  52 x 60 x 50 pq. x 25 un. negra;0.57
Bolsa  basura  bl.  52 x 60 x 25 x 50 rollos;0.75
Bolsa basura   54 x 60 x  100  paq.;0.60
Bolsa basura 54 x 60 x 100 bl. 20 und.;0.58
Bolsa  autoc.  55 x 60  azul;36.21
Bolsa basura 55 x 60 vileda 25 r x 30 u.;48.00
Bolsa basura 60 x 65 negra;48.75
Bolsa basura  65 x 110  g/ 200   gris;0.13
Bolsa  basura   65 x 110  x  250    g.  300;0.21
Bolsa de basura 85 x 105;0.11
Bolsa  basura  85 x 105 x 30  paq.;0.11
Bolsa  basura  85 x 105 x 500   ap;0.11
Bolsa  basura  azul  85 x 105 x 10;0.12
Bolsa basura 85 x 105 bl. 40 x 10;0.11
Bolsa basura 90 x 105;0.12
Bolsa basura 90 x 105 x 30;0.09
Bolsa  basura  90 x 105 x 4 paq. de 50  un.;20.35
Bolsa  basura   90 x 105 x 500;0.11
Bolsa  basura  90 x 105 x 40  paq.;0.12
Bolsa basura 90 x 110 vileda az. 12 paq. x 20 und.;0.16
Bolsa basura vileda gris 90 x 110 12 x 20 u.;43.20
B. basura vileda verde 90 x 110 12 x20 u.;43.20
Bolsa  basura   negra  90 x 120   g. 150;0.11
Bolsa  basura  90 x 120 x 160 g.  200  un.;0.11
Bolsa basura bl. 90 x 120 x 30;63.00
Bolsa  basura  bl.  50 x 55  g. 50  x 25 un.;0.75
Bote  caramelos  goma;9.33
Bolsa  desech.  compresa  1 x 1000;0.04
Blonda  calada  red.  21 cm.  100 un.;3.32
Blonda  calada  red.  28 cm.  100 un.;4.04
Bolsa camiseta 30x40x200;2.52
Bolsa camiseta 30x40x200 imp.da chang;3.67
Bolsa  camiseta  impr.;0.01
Bolsa camiseta 40x50x200;3.26
Bolsa  camiseta  a/d  g-80  40 x 50   azul;3.61
Bolsa  camiseta   40 x 50   impr.  v.  col.;0.02
Bolsa  camiseta  42 x 50  impresa  mausi;6.00
Bolsa camiseta 40 x 50 impresas al. siverio;77.33
Bolsa  camiseta   50 x 60  x 100;5.71
Bolsa camiseta  50 x 60  impr.  alm. siverio;75.95
Bolsa  camiseta  40 x 50  impresa da chang;51.11
Bolsa  cocktail   50  un.  mezcla;5.89
Bolsa  camiseta   60 x 60 x 100;5.89
Bolsa  camiseta   60 x 75 x 100  bp;7.45
Bolsa camiseta 60 x 70 imp. al. siverio;8.87
Bolsa  camiseta   80 x 80 x100 un. x 6 paq.;12.62
Bolsa camiseta 80 x 80 x 50 unds.;0.09
Bolsa  camiseta  80 x 80 x 50 un. g .-140  a. sive;0.15
Banderas de canarias.;0.32
Desinfectante  bactericida   5 l x 4  g.;9.81
Blonda calada 35 cm  x  100  red.;7.58
Bolsa camiseta  gigante  1 x 100;7.21
Bolsa  camiseta  gig.  1 x 200;11.43
Bolsas camisetas  42 x 50  impr.  jardin  chino;0.03
Bolsa  de  asa  42 x 50  impresa rest. brillante;6.00
Blonda  calada  red.  10  cm.  x  100;1.17
Blonda  calada  red.  24  cm.   100 ud.;3.50
Blonda  cal.  rect.  36 x 46  x  100  un.;9.33
Mantel rollo 1 x 10 bl. 50 unds.;79.49
Bayeta  limpiacrist.  vileda;2.34
Banderillas  de  sal  100 und.;4.46
Tapon  c/ junta  contenedor  800  lt.  p.o.;4.82
Bengalas   10 x 100;29.16
Belmont;7.81
Banderas de españa;11.09
Bandeja  de  fon   19 x 26;0.08
Botellita  freson  gelatina  40 un.;5.02
Bolsas  pastillas  de  goma  finis   1 kg.;3.17
Bolsa  higienica    12 x 5 x 25  cm.;0.02
Blanqueante  sin  cloro   25  kg.;44.79
Bengala  larga   50 paq. x  5  un.;1.05
Betun  liquido bl.  kiwi 50 ml.;1.38
Blonda  12 cm.  100 uds;1.20
Blonda  red.  calada   15 cm. x 100 un.;1.92
Blonda  19,5  100 uds.;2.10
Blonda  calada  red.  30  cm.  x 100;7.21
Blonda calada  38 cm. 100 unds.;10.53
Blonda  red.  cald.  32  cm.  x  100;3.86
Blonda  red.  calada  9  cm.  x 500  und.;5.26
Blonda  calada   red.   14  cm.   250  und.;3.80
Blonda  calada  red.  16  cm.  x  250;4.43
Blonda  calada  red.  19 cm. x 250;4.37
Blonda calada redonda  21 cm. x 250;5.86
Blonda  calada  s.  23  cm. x 100;6.40
Blonda calada redonda  27 cm. x 250;7.66
Blonda  red.  parafinada  37 cm.;7.23
Blonda  rect.   31 x 38 x  100  paq.;5.89
Blonda  calada  rectangular   36 x 46;6.31
Bolsa  lavand.  lenceria   3000  un.;100.41
Bobina mecanica 550 lisa d/c;8.12
Bobina mecanica azul 550 gof. d/c;8.36
Bastidor  mopa  60  cm.;6.96
Bobina  mecanico  colhogar  600  m.  2 cp.;16.84
Bandeja  mimbre  75 x 38;22.36
Bobina  mecanico  colhogar  900 m.  d/c;17.26
Bote matacucarachas jonshon;7.75
Bandeja  mimbre   ovalada;17.40
Blonda  plata   rect.   45 x 55 x  100  un.;21.84
Bote  de  pastillas  de  cloro   5  kg.;23.92
Bolsa   protec.  vaso  13 x 17 x 2;0.03
Bolsa prot. vaso;10.00
Precinto w.c. plast. 1000u.;15.00
Brillo  1 x 10;1.32
Blonda  red.  parafinado   35  cm.  x  100;21.20
;
Bobina sec. dismatic 1 cp. 1x12;2.34
Papel  secamanos  med. 1,20 kg.;4.16
Bobina  sec. tork  med. 2 cp. x 6;4.16
Bobina  mecha  d/c  lisa  azul;4.16
Bobina  mecha  gof. d/c   azul;4.16
Bobina secamanos peq. 15 u.;1.00
Bobina  secamanos  6 x 160  ppc;4.16
Bobina  secamano  mecha colhogar  180 m. d/c;4.36
Bobina sec. mecha mini  12 x 130 m.  s/c;2.25
Bobina sec. tork pequeño 2 cp.   12  un.;2.61
Bolsa transparente  1/2 kilo x 500;2.25
Bolsa  transparente 1/4 kilo x 500;2.10
Bolsa  transparente  1 kilos x 500;2.55
Bolsa  transp.   1 kg.  15 paq. x 1000  un.;7.98
Bolsa transparente   2 kilos x 500;3.17
Bolsa  transp.  2 kg.  paq.1000 un.   x 6;6.31
Bolsa transp. de bloc 3 kg. 1000 unds.;8.00
Bolsa transparente  3 k x 500;4.43
Bolsa  transp.  3 kg. paq. 1000 un. x  4;7.21
Bolsa  transp.    5  kl.  x  500;7.36
Juego  de  bolas  t.pack  3 unds.;6.42
Bolsa vacio de cocion;58.00
Bayeta  vileda  cristal  1 x 1;2.55
Bayeta  vileda  ind.  1 x 10;1.55
Bayeta vileda microsmart azul 5 x20;2.10
Bayeta vileda microsmart amar. 5 x 20;8.55
Bayeta vileda microsmart verde 5 x 20;8.55
Caja  12  botes  de  1 lt.  desengrasante   sprint;52.80
Contendor  basura   1000 lts.;387.84
Cisne  144   unds.;10.53
Contenedor de basura   330  lts.;183.91
Contenedor   de   800  lts.;357.00
Cuchillo  de  inox.  s. jorge  1 x 6;3.17
Cepillo  alargadera   1,50;5.24
Copa  balon  de  agua  arcoroc  1 x 12;0.81
Capsula extra/perg. nº 2;5.18
Calzone 30 x 16 x 10 x 200 u.;0.33
Caja  azul  para  lejia  de  4  g.;6.02
Camel;12.15
Camel  full  flavor;12.15
Camel  light;12.15
Camel  medium;12.15
Camel sin filtro;12.15
Cantiplora refrescante 36unds.;5.00
Cenicero apilable   1 x 24;1.35
Capsula metal nº 2;19.72
Cenicero apilable peq.   1 x 6;1.11
Saco carbon 5 kg.;5.20
Caramelos tirma  frutas;2.55
Cepillo  biberon;1.34
Copa  de  brandi    4  und.;23.92
Cubo  basura  c/t  20 lts.;5.84
Cubo  de  basura  domest.   23  l.;5.00
Contenedor de basura 90 l. c/p;105.32
Cepillo  compl.  rojo   1 x 12;4.18
Cubo  de  basura  negro   70;14.42
Cubo basura plastico  100  litros;24.94
Cubo basura pedal  27 litros;15.16
Cubo basura pedal  50 litros;75.26
Cubo basura pedal  70 litros;86.23
Cepillo  barrer  sin  palo   cari;1.71
Contenedor  gris  t/ verde  240 lt.;118.51
Contenedor  gris  t/ verde  90 lt.;97.36
Contenedor  calle  curver;33.00
Cepillo  de  caucho   1 x 1;4.46
Copa  champan  vesubio   1  x  12;1.14
Cubo  con rueda y pedal  120 l.  curver;58.19
Caramelo  capuchino  1  kg.;5.65
Cenicero  cuadrado  duralex   1 x 60;0.75
Caramelos  campinos   1  kg.;7.76
Copa cerveza campana  duralex   1x6;1.35
Copa  champan  clasica;0.95
Cuchara plastica postre  1 x 36;0.81
Caramelos choco snaps    1 k.;4.97
Cuchillo plast.  1x25 u.;0.33
Cuchillo plastico    1 x 36;0.81
Cuchara  cafe  inox.   1 x 12;0.25
Copa   champan  irene  1  x  3;0.72
Circ.opt ibero nuevo 230 v;28.00
Cuchara  moka  inox.   1 x 12;0.18
Copa coñac  12 x 1   balon;1.32
Copa coñac  24 cl. x 6    balon;0.96
Copa coñac  30 cl. x 6     balon;1.08
Copa coñac  33 cl. x 6     balon;1.26
T-box  ind.  mar plast/ plastico   hig.  470 m.;35.34
Cubo  c/r  curver  sin  prensa;57.23
Copa cata vino   8 cl.;0.87
Copa  champan  vesubio    1 x 12;1.14
Cepillo  duque s/p;2.15
Caramelo  diettorel  sin  azucar;11.28
Cubo  doble  idea   25  lts.  c/ prensa  y  mango;149.95
Cera  para  pisos    cerix   5  l.;2.87
Cinta  de  embalaje  1 x 6 x 36;1.68
Cera detercar ch 25 l.;71.76
Cepillo  barrer  compl.  1x12;2.61
Cepillo  barrer  pq.  c/p   1 x 1;2.16
Cera roja suelos duros 5l.;21.34
Cesta c/ tapa plast. 80 x 45;12.97
Cesto  mimbre  grande miel;83.64
Papelera mimbre  gb.;7.56
Cubo basura exterior 70 l. beige;12.45
Caña  flex.  40  cm.   100 x 25  paq.;0.81
Cañas flex. 40x50x20;5.71
Cañas flex. 250x40;1.43
Cañas  flex.   paq.  50  und.;0.30
Cubo de fregar con escurridor   14 litros;2.55
Caña  flex.  enfundada  b/ 1000  un.;6.80
Cañas  flexible  fluor.  1 x 100 x 12;1.43
Caña  flexible con fruta   1 x 100;7.48
Caña  flex.  molinillo   1  x 144;9.81
Caramelos  frescolin;2.87
Caramelos fruitella     3 kilos;11.72
Cubo de fregar sin escurridor   14 litros;1.89
Cinta  flejar  transp.   1  x  6;1.86
Caña  graniz.   100  un. x 10 x   5  paq.;1.08
Cubo   goma  negro  120  l.;47.81
Copa  de  helado  gourmande   paq.  2  und.;4.40
Caramelos  golia  activ   1 kg.;7.44
Cepillo  gi - erre   12  un.;2.74
Rollo  cocina  colhogar   2 x 20;15.04
Paño  checo  f.  rojo  1 x 2;1.29
Copa  de  helado  fonil  lum.  6  x  1;1.95
Cubo  hercules  70 l.  c/t;29.22
Bounty;8.67
Copa  de  helado  bora   1 x 6;2.09
Chupete  bipop   125  un.;5.96
Cadburys sab. varios;12.26
Toalletas en rollo colhogar air-lad 2 u;11.60
Disp. electronico toallas colhogar;95.62
Chesterfield;11.75
Chesterfield  light;11.75
Chicles  5;4.52
Chicle  boomer   5 --  200   un.;4.52
Kinder  bueno;12.62
Kit  kat;9.39
Lion;9.39
Maltesers;9.39
Mars;9.39
M & m;9.39
Nuts;9.39
Chupetes  baloo   200  p.;4.88
Chaira  s.  jorge  carnicero  1;19.50
Skittels;13.22
Chocolate   tiroles   1 x 60;5.12
Twix;9.39
Chupa  chup   chupetes;10.17
Chupetes   5;4.52
Chupetes  25;3.92
Colador  ind.  met.   20;4.76
Insecmatic , 2 x 11 w ,  lacado   blanco;81.15
Cuchillo  postre  inox.  pack  48;0.95
Copa   irene   vino  host.   1  x  12;0.69
Dosificador  losdi;21.35
Felpudo transec vileda 40 x 60 gris;7.46
Cuchillo s. jorge deshuesar;6.10
Caramelos  kathi    1  kg.;3.47
Caramelos kopico coffee  1 k.;4.97
Limp.  amoniacal  1  lt.  ascuas   12  bot.;1.07
Cucarachicida  arrixaca   20  un.;2.99
Insecticida  limon  c.  planta   750  ml;2.52
Limpiamuebles   arrixaca  400  ml.  1 x 20  un.;2.55
Copa  de  agua  lira   1 x 12;1.13
Copa  laura  champan   1 x 3;0.87
Cloro  liquido  garrafa  de   30 kg.;15.40
Cepillo  lavado  claber   8841;17.79
Cliche  da chang;98.00
Cliche  bc4050  impr.  jardin chino;33.67
Cepillo  de  mano  pq.   1  x  1;1.79
Cera  para  madera  g.  5 kg.  jh.  x  4  und.;32.33
Cenicero   mural  -  a;35.22
Cubo multiuso 46 l. azul;20.50
Cenicero   mural  -  b;29.36
Caramelos cristal millar  1 k.;3.77
Cubo mural  diser   80 l.;52.78
Caramelo  mentolin  s/a  1  kg.;8.02
Caramelo   mini  hits;2.96
Cuchara  mesa  inox.   1  x  72;0.64
Cuchillo  de  mesa   inox.   72  und.;1.44
Caramelos  minicuore  1  kg.;3.77
Cuchillo  mango  color  liso  1 x 12;0.45
Caramelo  millar  regaliz;4.67
Caja  mantel  1 x 1 x 500   rojos  cuadros;37.35
Cubo  neutro  stefa.  100  l.;32.77
Caramelo  ninm2    2  kg.;8.59
Vaso  caña  lisa   arcoroc  20  x  1  x  24;0.34
Disco  abrasivo   43 cm.  negro;12.59
Conguitos  bco   24 x 24;3.17
Contenedor movil 100 l.;29.00
Coronas;5.25
Coronas gold;8.90
Coronas  light;5.25
Coronas  menta;5.25
Coronas  rubio;7.10
Coronas  rubio  light;7.10
Pantalla  urinarios  kleen-screen;5.20
Toallero  epoxi  600  uds.  losdi;22.85
Prince  k.s.;14.85
Cepillo  panadero  36  uds;1.26
Cenicero  papelera  latonada  red.  20 l.;56.66
Cubo  pedal  40  l.  c.;34.15
Cubo  dobla  azul  peq.   8  lts.;1.11
Copa de agua  balon  drlex   1x6;0.81
Carretilla   plegable  brauque;91.86
Cepillo  panadero   b.  1  x  36;4.58
Cepillo  pelo  duro  largo;7.51
Cepillo  pelo  duro  mano  s/p;0.82
Cuchillo  postre  inox.   facho;1.06
Papelera  pedal  oval  6 lt.  curver;11.63
Caja  papel  laminado  1  x  20  kg.;39.68
Caja  papel  parafinado  20  kg. 38 x 54;43.57
Copa  princesa  1 x 12;1.39
Cenicero papelera rect.  60 lts. 34x24x78;62.43
Copa de vino  balon  drlex  1x6;0.75
Cajas de pizza   26 x 26 x 200;0.18
Caja   de pizza    29 x 29 x 200;0.21
Cajas de pizza   33 x 33 x 100;0.24
Caramelo rosyten 1 kg.;2.87
Garrafa  cera  roja  piso  jons.  20 kg.;77.25
Contenedor  po     240  l.  c/r.;153.27
Cubo  de  basura  roll box    80  l.;86.70
Caramelo  rock  duro    1  kg.;3.77
Cuchillas  rascavidrio  vileda;0.17
Limpiador  multiuso  univ.  concentrado  10 lt.;249.80
Desengrasante  enrg. esp. / rosa concentrado;249.80
Jabon crema de mano  concentrado  10 lt.;249.80
Secador  de  manos  elect.  losdi  pulsador;92.87
Secador  de  manos  elect.  losdi  optico;129.23
Copa  chupito   snack   1  x  12;1.02
Vaso  licorcito  5 -1 x 48;0.27
Cubo   azul  12 l.  che;1.41
Cuchillo de sierra  plt.  1 x 12;1.05
Cuchillo  san  jorge    pan   2;4.58
Cuchillo  s.  jorge  cocina  1 x 12;3.20
Cuchillo  s. jorge  cocina;0.84
Caramelos  solano  cafe  leche   1 kg.;3.17
Copa  licor  snak  1 x 12;0.99
Caramelo  snipe   nata  1  kg.;6.76
Caramelo  solano  sin azucar;9.51
Caramelo  tarda    esp.;7.15
Caramelos  trucongo  1 kg.;3.17
Caramelos tirma nata   1 k.;2.87
Caramelos tirma rellenos  1k.;2.87
Caramelos trebor chocolate   1 k.;3.77
Caramelos trebor  eclair    1 k.;3.77
Caramelos trebor eucalipto   1 k.;3.77
Caramelos trebor manis   1 k.;3.77
Caramelos trebor top cream   1 k.;3.77
Cepillo  para  uñas  caja  de  12  un.;1.14
Cepillo  vileda   mant.  c/ de 12  un. s/p;3.71
Cepillo  vileda  standar  c/12;3.19
Copa  de  vino  vesubio  1  x  12;0.69
Copa  vesubio  zumo  1 x 6;0.55
Caramelo  werthers  orig.  1 k.;6.46
Boutique amarillo 140 cm.  (2 x 15);11.00
Discos 3m 460 mm. bl. 5 u.;4.19
Discos 3m 460 mm. rojo 5 u.;4.19
Delantal  alg.  75 x 90  azul;5.20
Dispensador automatico amb.;34.72
Sec.  elect.  ibero  optico  cromado;297.50
Davidoff   lights;9.93
Dispensador  w c   puerta;11.13
Dispensador bobina tork med.;34.57
Dispensador bobina tork peq.;25.54
Bata poplipropileno 40g 100und;4.54
Desengrasante  para  motor   10  l.;26.94
Dosificador  empotrable  standar;57.23
Descalcificador   750  cl.;2.96
Rollo  autoadhesivo  45 x 5 metros.;30.75
Dispensador   cubre     w. c.;58.61
Descalcificador  maq.  autm.   c x;11.37
Secamanos  ibero  optico   2400  w;315.86
Dispensador  de  papel  hig.  inox;29.16
Delantal  somelier  burdeos;10.70
Delantal  somelier  negro;10.70
Delantal peto rayas bolsillo;8.70
Desatascador grande;2.16
Desengrasante  en  caliente  1 l.  x  20  b.;3.68
Desengrasante   g.  3  l.  x  5   garrafas;7.21
Desengrasante  en  frio   5 l.;13.76
Desengrasante lunagrasa 5l.x4g.;12.02
Desengrasante kenex plus 10 l.;31.92
Desbloc   520  cc;5.54
Desatascador   mambo   750  cc  x  12;2.75
Descalcificador  jhonson;17.14
Port. rollos  hig. univ. doble  inox;35.40
Dispensador  alum.  y  film    45  cm.;20.75
Dispensador   film  transp.  met.;32.74
Delantal   gde.  con  peto   ule;8.35
Dispensador  de  toalletas  inox   600;31.55
Dispensador  d-106  bl.  anonimo  amb.;35.32
Dispensador   d-106  blanco  a  red  jf;35.17
Dispens.  ambientador  jofel  d-108  gris;34.00
Jabonoso  madera  g.  5 lts.;14.74
Eliminador  de  insectos  parrilla   8;103.69
Parrilla    el.  insectos    30 w;202.36
Ambientador  antitabaco   bajo  jf;5.71
Ambient. lavanda  bajo  jofel  paq. 4;5.71
Ambientador  w-110  silvestre  j.;1.60
Ambientador  w-110   limon   j.;3.83
Insecticida   bajo  jf;5.71
Papelera  con  pedal  acero  inox.;193.64
Deterlejia  5 l. x  4;3.17
Detergente  lavadora  univ.   10 kg.;20.75
Portarrollo  triple  c / deposito  inox.;69.49
Cenicero  pared  inox.  g.;32.21
Detergente  con  lejia   g.  25  lt.;10.53
Papelera  red.  epoxi  blanca;17.14
Papelera  red.  epoxi  negra;22.61
Papelera  basc.  inox  gr.;273.46
Pap.  antiv.  basculante  epoxi   negra;148.16
Papel.  bolsa  c/ pedal  multibox  120 l.;120.10
Carro  4  ruedas  tapa  plast.   120  bl.;88.58
Papelera  mural  bolsa   80 l.  bl.;71.49
Papel.  bolsa  roll box   80 l. c/ pedal;149.33
Cenic.  papelera  basc.  epoxi  blanco;57.64
Papelera   w c   5  lt.;25.54
Papelera  blanca  c/p  mediana  5  l.;34.96
Papelera  rectangular  c/ cenicero   blanca;94.67
Cenic.  papelera  media  luna  inox;74.21
Papelera  bascul.  soporte  doble  verde;112.69
Papelera  antiv.  suelo  epoxi  negra;104.44
Cenicero papelera  media luna epoxi oro;51.01
Cenicero  papelera  media luna  inox;71.54
Papelera cenic.  esquina  inox;179.74
Perchero  met.  con  seis  colg.  de  anilla;52.45
Perchero   epoxi  8  b.   suelo;52.52
Perchero  pared   4  aros  blanco;25.42
Perchero  pared  6  b. repisa  bl.;43.96
Cenicero  mini  mural  basculante;29.45
Cenicero  mural  basculante;32.47
Paraguero  inox  aros  cromados;58.65
Dosificador  jabon  dep.  especial;35.70
Port.  higien.  doble  dep.  de  seguridad  ino;89.85
Contenedor  pedal con ruedas;85.00
Contenedor de basura  c/r   120  lts.;102.02
Delantal  peq.  ule;4.85
Desengrasante  para  motores   25  lt.;84.00
Dispensador   ind.   mod.;14.12
Bolsas   plast.  compresa  ind.;42.07
Delantal  mandil  sarga   50 x 75  bl.;3.50
Doublemint;5.12
Domestos    1 l. x 20;1.26
Dosificador  de  gel  aitana  blanco;23.74
Dosificador gel de m. vision;25.54
Caja  papel  autom.  nieve  x  12  rollos;28.14
Caja  papel  camilla   s/c   6 un.;5.71
Caja  papel  camilla   2 cp.  x  6  rollos;7.51
Detergente   polvo  arikson   5  kg.;8.73
Paño  s/ tejer  blanco  sont  du  pont;0.43
Paño  s/ tejer  turquesa  so  du  pont;0.43
Pañuelo  tisu  3  c.  ideal;28.27
Caja  pañuelos  faciales   100 x 48;0.75
Dispensador papel higienico ind. c-25,45,58;24.94
Dosificador puerta wc;19.53
Bobina  mec.  d/c  3,5   23  chemine;7.66
Pack  higienico  maxi  d/c  6  rollos   470;4.16
Pack  hig.  ind.  18  un.  gofrado  d/c;1.20
Papel cocina ideal 2 x 20;15.04
Detergente  lavacoches  5 lt.  x  4  g.;7.93
Pasta  lavamanos   10  kg.   mecanico;40.60
Detergente  polvo  todo  uso   25  kg.;1.89
Gel  lavamanos  mecanico  10  lt.;32.47
Gel  de  manos    10  lts.;1.44
Dispensador sani b mural;22.55
Dispensador sani b tripode;29.25
Desinfectante lejia deterg. 5l.x4g.;3.77
Dispensador  bobina dc  x 2;53.40
Recambio  mopa   40  cm.;5.77
Recambio  mopa   80   cm.;9.18
Recambio  mopa  100   cm.;10.92
Bastidor  mopadora  40  cm.;3.83
Bastidor  mopadora  80  cm.;5.15
Bastidor  mopadora    100   cm.;8.09
Mango  mopadoras  aluminio;5.89
Carro  tres  bandejas   con;320.05
Dispensador toalletas zig zag 600 serv.;28.11
Ducados;9.35
Detergente  superf. universal neutro  5 kg.;9.60
Desengrasante  universal  5 l.;15.85
Dosificador  lavav.  autom.  p r 7;89.79
Desinfectante wc. mambo 5l.x4g.;8.26
Enol  limp.  amon.  5  kg.;6.31
Embase  alum.  con  tapa   23 x 23     300 und.;0.53
Envase  aluminio   22 x 15  c/t   800  un.;0.17
Esponja con fibra grande 1 x 1;0.30
Esponja con fibra verde  1 x 30;13.34
Estropajo   inox.  40  grs.  12  x  5;1.65
Pap.   tapa  basculante   c/p.   rollbox;130.48
Eliminador de insectos   45 watios  parrilla;238.87
Embassy   nº  1;14.85
Embudo  23 cm.;2.66
Ensaladera   c/t  bisagra   500  cc;0.19
Envases de aluminio c/t  15 x 10 x 4 x 1800;0.10
Envases de aluminio c/t  18 x 14 x 4 x 1000;0.14
Envases de aluminio c/t  24 x 18 x 4 x 1200;0.18
Envases de aluminio s/t  32 x 22 x 4 x 250;0.25
Ensaladera  250 c.c.   c/t  900  und;153.00
Enganche  prensa;0.99
Eje  de  prensa;10.68
Ernte23;14.40
Escurridor   1 x 1;0.79
Botella  de  esp.  de  sal   1  x  12;1.14
Escoba c/ palo;3.98
Espatula   s.  jorge   plancha;6.82
Esponja metalica     1 x 10;1.43
Estropajo  de  esparto  1 x 18;0.36
Escobillero  toyma   bl. c/ prtes.;2.32
Estropajo  salvauñas   1 x 1;0.55
Salvauñas  scot brite   3 x 2;1.44
Escobiññero  toyma  s/ p.  1;0.99
Soporte mojador art. 45 cm.;5.62
Recambio mojador 45 cm.;6.70
Escobilla   w c;1.43
Vaso  fon  230  ml.   c/t   1000  und.;0.07
Felpudo  alaska   40 x 70;7.93
Fuente  arcopal  reception   1 x 6;5.92
Fluorecente  apar.  insct.   8  w;7.39
Fibra blanca vileda 6 m.;11.09
Fosforos;0.99
Fosforo grande;0.99
Felpudo  gulliver  rect.   33 x 60;7.51
Fuente  oval  30  harm.  bl.;2.31
Folios;6.00
Fortunas;8.82
Forte  pavimentos  garrafas  5,5  kg.  x 6  un.;17.00
Fortunas  light;8.82
Fortunas  menta;8.82
Farol  recto   144;10.56
Fregona  fleco  de  alg.  250  gr.;2.34
Fragancia frutos del bosque;8.75
Fragancia limon;8.75
Fregona  cisne  prof.  tiras  azul;1.95
Fregona  tiras  amarillas  prof.;1.89
Fregona  cisne  flecos   1 x 24;1.74
Fregona tira multinet 1x24 ud.;1.74
Fregasuelos clasico     5l. x 4 g.;5.71
Fregasuelos  clasico  g.  10 l.;10.23
Fregasuelos  clasico   3 l. x 5  garrafas;3.44
Fregasuelos  floral  malva   5l. x 4 g.;5.71
Fregasuelos  floral  g.  10  l.;10.23
Fregasuelos  floral   3 l. x 5 garrafas;3.44
Fregasuelos  floral  rojo   5l. x 4 g.;5.71
Fregasuelos  manzana   5 l. x  4 g.;5.71
Fregasuelos  manzana  3 l. x 5 grf.;3.44
Fregasuelos  marino  5 l.  c/4  und.;2.72
Fregasuelo   limon   5 lt. x 4 g.;4.70
Fregasuelo  surtido  5 l.;5.71
Fregasuelo  manzana   1  l. x 16  b.;1.17
Fregasuelos  boxer  fre.  salv.  1 l. x  18;1.14
Fregasuelo limon 1 l. 15 unds.;0.69
Vimicon  limon  neutro  fregasuelo  5 kg.;9.94
Fregona  vileda    domest.  tira;1.89
Fruta  surtida  pincho;9.39
Film  transparente    30 x 1500;25.71
Film trasp. 30 x 3 unds.;8.14
Film  transp.  35 x 1500   m . a.;40.58
Film  transparente   40 x 1500;33.32
Rollo  film  transp.  45 x 1500;41.47
Film trans. 45 x 3 unds.;10.08
Film transparente 45x300x3;6.91
Film  transp.   50 x 300  x 6  x  23 m.;7.21
Fregona  tira  ind.  amarilla  24;1.65
Forros  tabla planchar  1,25 x 45 cm;3.46
Recambio  fregona  vileda  ind.;2.49
Fregona  ind.  vileda  carro;5.68
Fibra  verde con esponja  10 x 15;0.42
Gastos  de  import.;28.54
Regal;14.50
Contenedor pañales mediano;92.04
Contenedor pañales grandes.;131.20
Guantes  amar.  sat.  med.    50;0.91
Guantes  de  algodon   bl. talla  l;2.46
Gauloises  rojo;14.50
Cepillo  gb  moqueta  s/p;2.15
Moto  scooter  roja  85 kg.;213.06
Palo  met.  1,20  cm.  cepillo  gb;0.57
Gauloises  azul;14.50
Cepillo  raices  plancha  24  unds.;25.54
Gold coast;9.91
Bote de gas  cliper   1 x 1;1.65
Gold coast  lihgt;9.91
Garrafa  c/ tapa   de  75  lts.;3.31
Gorro  ducha  polip.   100  un.;10.70
Gel  avena  kinesia;1.59
Gel  cremol 1  litro;2.90
Gel enologico 4 kg.;4.40
Gel manos imprenta 4 kg.;4.40
Gel de manos lg. 5l.x4g.;7.51
Gel  de  manos  perlado   5 x 4  g.;8.88
Gel  de  manos  3 l. x 5  gaf.;4.97
Gel  de  manos   perlado   5 l. x 4  g.;8.56
Guantes  fultex  bic/fl    gde.  50;1.18
Guantes  sat.  fultex  med.  144  pares x 1;1.08
Guantes  sat.  fultex  peq.   144 pares x 1;1.08
Guantes  fultex  sat.  amar.  med.  50;1.03
Grifo  para  garrafas  30  kg.;1.42
Guantes  ind.  flock   peq.   50;1.18
Globos de colores;3.60
Guantes  de  latex   10 x 100  t.  med.;8.73
Guantes vinilo med. 10 x100;6.61
Guantes  de  latex   1 x 100 x 10;8.73
Guantes  latex  grande  1 x 100 x10;8.73
Guantes vinilo grande 10 x 100;6.61
Guantes vinilo peq. 10 x100;6.61
Glassex   multiuso   6  un.;2.76
Guantes nitrilo solo ultra blue 997- 7-71/2;7.30
Gorro  rejilla  1 pza.;3.50
Gorro  rejilla  2 pza.;3.50
Golosinas  varias;
Garrafa   plast.  con  tapa    20  litros;2.72
Garrafa  de  suavisante  ropa   5 lts.;3.53
Guante  satinado  grd.  10 x144;0.81
Garrafa  silicona   5 l;14.74
Guantes   sat.  talla  peq.   144;1.01
Guantes  delfin  varias tallas;1.19
Gusanitos  risi;7.56
Guantes  vileda;1.11
Papel hig. domestico g c 96 u. 40 m.;26.88
H  b;14.50
Pañuelos  faciales  caja  de   48  paq.;27.00
Papel hig.  domestico  scott performance.  96  un.;17.31
Higienico  domestico   mpc   2 cp.   96;0.18
Higienico  domest.  micro  4 x 24  muselin;17.32
Papel hig. colhogar  25 mts.  96  un.;20.19
Higienico domestico 2 cp. 144 ud.;0.21
Higienico  colhogar   120  un. x  40  m.;0.27
Higienico domestico 2 cp. 96 ud.;0.18
Papel  hig. ind.  colhogar  12 u.;1.50
Higienico  ind.  c-25   d/c  18  x  150;1.65
Higienico  ind.  c-45   150  d/c   18;1.65
Higienico  ind.  c-60   150  18  r.  d/c;1.65
Higienico  ind.  c-60   300   d/c    12  rollos;3.17
Higienico  ind.  maxi  d/c  6  r.;3.17
Higienico  dom. muleton  liso  6 x 21;0.27
Higienico  ind.  ecopasta  c-25;0.75
Estropajo  de  acero  inox.   pack  de  2  x  75;1.35
Estropajo  inox.  pack  12   30  gramos;0.60
Recambio  mopa  75  cm.  ressol;6.82
Bastidor  mopa  75  cm.;11.93
Paño bl. coina  raya  45 x 45   raya  paq. 12;0.51
Paño  azul  cocina 45 x 45  pq. 12  raya;0.51
Recambio  escobillero  w c   caja  24  un.;1.08
Freg.  ressol ind. extra larga  50 un.;66.07
Freg.  ressol domest. hilo paq.  25 un.;0.79
Fregona  ind.  mopa   pinza   350;2.90
Mocho  pinza  450  gr.  x  40  un.;3.38
Haragan  de  metal   33  cm.   s/p;2.31
Haragan  met.  35  cm.   recto;4.66
Haragan   metl.   con  palo  vero;3.86
Haragan  de  metal   45 cm.   s/p;6.16
Haragan metalico 75 cm.;12.50
Pañuelo  muleton  10 x 6   3  cp.;27.87
Embase  de  hot  packs  hp2;0.12
Insecticida  hogar  y  plantas  arrixaca  24;3.97
Envase  fon pl.  combinado    250 und.;0.15
Portamenu  foam  2  comp.  250  un.;0.15
Envase  foam  hp4  200  un.;0.23
Envase foam 3 compartimentos;0.15
Haragan plast. 75 cm.;13.78
Haragan plastico  35 cm.  s/p;5.92
Haragan plastico  45  cm.  s/p;6.76
Haragan plastico  55 cm.   s/p;8.50
Servilletas  33 x 33 x 100 x 40 paq.;28.86
Cubo  gemini   16  l.;20.30
Iman  para cuchillos  arcos;38.75
Incienso  20  unds.;1.50
Inflador de globos;2.50
Insecticida  punto  azul   1 x 12;1.68
Jabon  15  gr.  x  600  und.;0.08
Papel hig. ind. jumbo  d/c gofrado;0.80
Jarra  de  vino   arcoroc   1 l.;1.95
Juego  de  bolas   t.   pack  de  4 un.;8.56
Juego de cartas española;3.00
Juegos de cartas poker;4.80
Jaboneta  heno  de  pravia    1 x 800;0.07
Jabon  de  manos  mecanico   25  kg.;104.59
Jabon  magno  3  lot;2.10
Jabon maquina autom. b-30 x25l.;37.92
Jabon maquina autom. b-30 x 5l. x 4g.;9.57
Jabon maquina autom. b-20 x 5l x4g.  a.d.;9.93
Jabon maquinas aut.  jhonson  30 kg.;96.01
Jhonmatic  bravo    30 kg.;74.98
Juego  de  percha  plast.   3 x 24;0.37
Juego  5  perchas  toyma   48;0.25
Jarra  arc.  sang.  0,5  l.;1.98
Jarra  bistro  sang.  0,5  l.;2.74
Jabon  vajillas  manual   g.  10  lt.;10.47
Jarra  de  vino  arcoroc   0,5 l.;1.59
Jabon lavav.  autom.   30 kg.   ad.;53.79
Jabon  vajilla  autom.  universal   6  k.;25.24
Jabon lavavajillas  aut.  30  kg.   a./ d.;91.05
Jabon lavavajillas manual 5l.x4g.;3.53
Vajillas  manual   3 l. x 5  grf.;2.13
Jabon  lunavajillas  g.  10  l.;7.03
Lunavajillas  vajilla  manual  10  l.;6.31
Jabon lavavajillas manual  15 x 1,5 l.;0.88
Lavavajillas  manual  20  l.;12.20
Jabon  vajillas  manual  22  l.;13.09
Jabon lavavajillas manual   25 l.;0.61
Jabon  vajilla  manual   2  lt.  x 12  bot.;1.53
;
Kool;14.50
Kruger   azul;5.25
Kruger   amarillo;5.25
Kruger american  blend;7.38
Placa de laton 20 x 50 impresa;75.00
Lejia  ace  18 un. x  1 l.;
Limpiador  antical  k-1  1 l. x 12 bot.;2.58
Lejia  ace  18  un.  x 1 l.;13.34
Limpiador  hogar  amoniacal   5 lt.;9.30
Lark  box;14.50
Lejia  apta para alimt.  bot.  1 lt.;0.90
Lejia  e c.  garrafa  de  25  lts.;8.26
Limpiacristales   garrafa   5  l. x  4;7.51
Limpiacristales  multiuso   750 cc  12  un. pistol;1.84
Lejia de color 8 x 2 l.;1.02
Detergente  con  lejia  polibacter   5 l.;4.37
Limpiacircuito  electronico  solnic  520 cc;4.64
Lejia   el  clemate    5  ltrs.;1.50
L &  m;9.91
L  &  m   light;9.91
Limpiador  de  moquetas  super  7;7.56
Llaveros  niquelados  yoyo 5 un.;3.39
Lote  airwaves  orbit;36.72
Lord  extra    box;14.50
Limpiasuelo  limon   neutro   10  lt.;14.12
Gel  limpiador  antical  5 lts. x 4  garrafas;10.11
Limpiador  amoniacal   10 l.;14.58
Limpiacristales  perf.   10  lts.;16.75
Limpiador  mult.  bioalcohol  10  lts.;18.62
Limpiador  multiuso  con bioalcohol  5 l.;8.70
Limpiasuelos  lavanda  neutro  10  lts.;15.16
Limpiasuelo  pino  neutro   10  lts.;15.16
Limpiasuelos  manzana   10 lts.;16.36
Lucky  strike  box;11.75
Lucky  strike  light;11.75
Lampara  c/  vaso  aluminio   500  un.;0.08
Mantel  rollo  1,20 x 100   rosa;28.41
Mantel  rollo  1,20 x 100   burdeos;28.41
Millo  don  grugiente   50  un.;7.51
Mantel   1 x 1  azul   300  und.;37.86
Mantel  azules   400  un.;52.89
Mantel  1 x 1 50 grs. amarillo  300 unds.;44.53
Marlboro;14.50
Marlboro 100;14.50
Marlboro  light;14.50
Marlboro  100  light;14.50
Marlboro   medium;14.50
Marlboro   menthol;14.50
Marlboro   papel;14.50
Mascarilla rigida 50 unds.;4.10
Maxi cocsi;100.00
Juegos  cuchillos  con m.;65.00
Mantel  cortado  1 x 1   40 gr.;31.25
Mantel  1 x 1,20  cortado  bl.  38 gr.  500 un.;39.25
Mopa  completa  de  45  cm.;14.33
Mopa  completa  de  60  cm.;16.08
Mecheros  clipper   pq.  60  un.;0.45
Mopa completa 75 cm.;10.13
Matainsectos  mural  adhesivo  bl.;114.94
Caja de 6 placas  de recambio  matainsectos  adhes;10.82
Vaso tubo plast. irrompible 420 u.;51.05
Vaso tubo irrompible color 500 u.;52.07
Recambio mopa express trio microf.;5.76
Mecheros  planos   1 x 50;0.36
Maso  de  puros  med.  25  un.;17.50
Mantel  rollo  1 x 100  blanco  cajas de 6;8.35
Mantel  1 x 1  rojo   50 gr.  400  un.;57.70
Miniservi 60 x 100 u. surf.;14.17
Mantel  cortado    1 x 1;29.45
Rollo mantel  1 x 50 salmon 60 grs.;8.64
Mantel  30 x 40  isla  tf.   1000;11.90
Mantelin 30 x 40 arado 40 gr.;13.20
Mantel  verde liso  50 gr.  300  un.;45.85
Caja  mantel  1 x 1   verde;38.36
Bandeja  carton  24 x 34   bl.  250 u.;0.14
Netol limpiador de metales.;11.80
Nobel  box;8.92
Orbit   azul;6.91
Orbit  white;6.91
Orbit  blanco  suave;7.36
Orbit  cereza;8.26
Orbit  eucalipto;6.91
Orbit  fruta;6.91
Orbit  fresa;6.91
Orbit  hierbabuena;6.91
Orbit   limon  miel;6.91
Orbit   limon  miel;6.91
Orbit  regaliz;6.91
Orbit  fruta tropical;7.36
Bandeja  carton  11 x 19,5 x 3.2    4 pq x 250 un.;49.50
Cable 01 am/ve 380 mm. ibero;0.40
Conjunto carboncillos ibero;4.17
Palet encajable 9 patas 1200 x 800;28.45
Palo  aluminio  bicolor   1 , 40;2.52
Pale  europeo;1.00
Palotes  fresa  damel;6.90
Pall mallm new orleans;9.50
Pall mall san francisco;9.50
Palo  de  madera;0.77
Palo cepillo vileda;1.64
Pañales pampers unisex 36 unds.;17.00
Past.  aerbloc  1100  pq.  30 x 4  ( 120 );0.87
Palo  aluminio  vileda   1,40;2.63
Punta taco de billar;0.38
Papelera  basc.  curver   50  lt.;21.71
Micro  spm  montado;3.35
Tapa  spm  blanca;3.83
Tubo  mont  spm  blanco;15.55
Conj.  mango  ext. s/tubo;3.11
Mango exterior spm blanco;1.77
Palanca  micro  montada;0.91
Chapa  spm  blanca  anonima;1.11
Papelera  basc.  curver   10  l.;9.39
Paño  de  cocina   rizo   1 x 12;6.85
Papel cocina  cholinda   24 x 2;0.75
Papelera   basculante  curver   25  l.;11.37
Plato  caldo  porc.  mont.   6  un.;2.15
Paraguas  chino   144;6.61
Paño  checo  50 x 60   paq.  2 un.;1.55
Plato  cafe  porc.  mont.   6  un.;1.19
Papel cocina novita 20 x 2;13.22
Papelera con pedal 30,5 l. amarillo;90.30
Papelera con pedal 45 l. amarillo;109.42
Papelera con pedal 87 l. amarillo;180.83
Papelera con pedal 45 l. beige;109.42
Sombrilla  chino  9 cm.  200  un.;8.73
Papelera con pedal 30,5 l roja;90.30
Papelera con pedal 45 l. roja;109.42
Girasol  adorno  paq.  100  un. abanico;7.32
Adorno  palmera  luminar   paq.  200  und.;8.15
Cuchara  plast.  paq.  10  und. x 100;0.03
Plato  llano  21 cm. paq. 50 un.;0.06
Posavajillas  gde.  spongyl  62 x 40  caja  20  un;2.75
Bayeta  absorb.  spongyl  206 x 310   caja  80 un.;1.19
Mopa pinza  tiras  kentucky  sp. 1 x 15;5.92
Rollo  bayeta  meteor  plus  6 x 60  spontex;23.79
Pastillas deso. aerloc  bote de 1kg.;19.28
Colgador  w.c.  aerbloc  cist.  50 gr.;2.13
Guante  flocado primeco alg.  10 x 10;0.84
Guante  flocado primeco  10 x 10  med.;0.84
Guante flocado primeco  10 x 10 peq.;0.84
Pedal de apertura 2 ruedas cont 240 l.;40.94
Pinza  para  hielo trebol  inox  paq. 6;14.06
Papel  hig.  domestico  marpel 24  rollos;4.32
Piedra  pomez   caja  de  12  un.;2.40
Cloro granulado 30 kg.;153.30
Algicida bactericida 25 l.;41.13
Tubo  actinica  tl  8 w 05;9.03
Plato   pl.  bl.  21  cm.   25  und.;1.15
Bolsa neutra  transp.  40 x 140  r. 10 un. g 100;87.21
Plumero  avestruz  nº  4;7.66
Plato  arcopal  rest.  pan   72;0.75
Pala con palo vileda 12 unds.;2.64
Pala  de  mano   1 x 24;0.66
Pasta  mecanico   b.  25  kg.;57.02
Papelera urbana 50 l. sin pie;66.15
Pala  de  mano +  cepillo  c/ 6 uds.vileda;3.16
Phillip  morris  one;14.50
Phillip  morris  super  light;14.50
Plato  nupik  plast.  10  ud.  x  60  paq.;0.60
Paño  checo  amarillo;1.19
Portes;1.00
Posa-gots 9,5 cm. 2 colores iberostar;64.90
Paño  del  polvo   1 x 12;0.60
Papafritas 25 und.;22.06
Pala  con  palo   24  uds.;1.53
Papelera  mimbre   bl.;6.60
Papel  disp.  cubre  tasa    w. c.;104.14
Papelera   rejilla    pl.    30  l.;2.39
Paletilla  removedor  de  cafe   11  cms.;6.01
Recogedor  con  tapa  pl.;2.69
Palillos redondos con  funda   1 x 1000;5.12
Pavo real grande  100 und.;10.38
Plato  rest.  arcopal  hondo   6  un.;1.98
Plato  arcopal rest.  llano  6  un.;1.98
Pronto  muebles  1 x 12;2.49
Pinza  ropa  pl.  corta  100 x 12;47.07
Paño  rejilla   pla.   1  x  12;3.04
Pavo real pequeño  144 und.;9.43
Plato  rest.  arcopal   postre   6  un.;1.50
Palillos  redondos  sin  funda   1 x 24;0.78
Papel smoking;15.04
Pinza  freg.  tiras   apollo   spontex  1229;3.84
Envase  ops  500  ensaladera c/  325 un.;42.75
Envase  ops 750  ensalad.  c/ 200 un.;35.89
Palillos  planos  sin  funda   1  x  20;0.39
Pala  mas  cepillo  mano   vileda;3.53
Peter st.;14.50
Pulverizador    1;1.95
Plato  transp.  vaso  cgñ.;0.27
Pastillas  enzi   urinario    1 x 12;19.46
Pato  wc  gel con lejia  750 ml.;2.35
Pastillas w-c  eurosanex   1 x 10 x 75;9.27
Papelera  c/ pedal  wc    toyma     15 l.;8.56
Quita cemento  1 x 12;3.59
Gamuza  sintetica todo uso 1 x 1;2.70
Quitatinta   g. 5 lts.;3.38
Bote  quitatintas   de    1 lt.;7.45
Quitacemento  5 l.;14.75
R - 1;14.50
R  1   minima;14.50
River  abrillantador  de hojas  750 ml.;4.93
Raid  moscas  y  mosquitos   400;5.17
Rollo  bayeta  amarilla  dino  4 m.;9.69
Rollo bayeta  cisne   8 metros;15.04
Pala  con  palo  metalica;10.37
Rollo bayeta vileda  absorvente 0,60 x 4 m.;16.09
Rollo  balleta   vileda  prof.  8  m.;16.09
Rollo  bayeta  vileda  amarilla  multi.;10.13
Bayeta  vileda  absorvente  gris.;16.95
Rueda  cubo  ind.  alex;7.09
Rollo  rejilla   4  m.  salvavaso;19.16
Record  azul;5.25
Record  flojo;5.25
Rejilla  salvavaso   4 x 33   plastica;23.30
Record  verde;5.25
Reval;14.40
Salem;15.85
Rollo fibra  blanca   6  m.;14.92
Rollo  fibra  verde  6  scottbrite;17.38
Rollo fibra verde vileda 6;9.63
Rollo  fibra  verde  6  m.  spontex;17.38
Recipiente  de  goma  fiel  100  lts.;34.47
Cubo  de  basura  fiel  goma   100 lt.;35.94
Bolsa  de  rissi  18 g.  60 und.;7.56
Rollo mantel   1,20 x 100;11.63
Rollo  mantel  1 x 1,20   40  grs.;10.53
Rejilla   multiuso    1 x 20;2.98
Rollo mantel 1,20 x 100 azul;22.00
Recambio  mopa   45  cm.  ressol;5.21
Recambio  mopa  60  cm.;7.42
Rollo   mantel  salmon   1,20 x 100;17.14
Rollo  mantel  ule  cuadros  rojos  24 m.;115.20
Rollo  mantel   verde   1,20 x 100;17.14
Rothmans;15.85
Rothmans  light;15.85
Rollo  paño  punto  blanco    3  kg.;17.30
Rollo  paño  drap;7.60
Rollo  roll  drap   40 x 60;
Rollo paño plancha punto azul  3 kg.;15.49
Rabanera  porcelana  mont.  6  und.;2.34
Rascavidrios  surtidos   pq.  30;0.42
Rascavidrio  prof.  st   1  x  12  und.;3.10
Rascavidrio  vileda  prof.;5.92
Platos  plastico  21  cm.   100  x  12  paq.;0.03
Servilletas  40 x 40 x 48  paq. x 50 un.   burdeos;72.00
Salero cristal  t/ baq.  damiers;0.60
Spray  acero  inox.  dino  1000 cc  caja  de  12;8.53
Silk  cut    ks;15.85
Sosa  cautica   bolsa  de  10  kg.;15.04
Silk  cut  ultra;15.85
Sosa  caustica   1  kg.  bote;2.87
Servilletas 20x20x100x96;0.54
Servilletas  celulosa  20 x 20 x 100 x 60  paq.;45.08
Servilleta 20 x 20 . d/c 30px200u;45.00
Servilleta  20 x 20  2 c. 200 x 52;85.75
Servilleta 20 x 20 d/c 60 x 100 iberostar;38.58
Servilleta 20x20 punta punta 30px150u;35.15
Sosa  cautica  bolsa  de  25  kg.;41.32
Servilletas 30 x 30 x 40;0.63
Servilleta 30x30 d/c 48p x 100u.;38.47
Servilletas  colhogar  36 paq. x 200  und.;0.84
Servilletas  30 x 30 x 100 x 36 paq. d/c gp;27.06
Servilletas  30 x 30 x 48 paq. x 100;27.84
Serv.  blanca  30 x 30  x 60  paq.;0.63
Servilletas  30 x 30 x 50  paq.;0.54
Servilletas  30 x 30  x 40 x 100  muleton;19.83
Servilletas  30 x 30 x 40 x 200   muleton;36.06
Servilletas  30 x 30  rojas  1 cp.  36  pq.;35.70
Servilleta  30 x 30   1cp.  verde   36 paq.;35.52
Servilletas   33 x 33  x 100 x 36  paq.;0.69
Servilletas  33 x 33 x 100 x 48 paq. s/c  amarilla;36.93
Servilleta  33 x 33  d/c  36 p. x 100  canariven;1.14
Servilletas  33 x 33 x 51x 100  impr.;45.99
Servilleta  33 x 33 x 50 x 72  pq.  2 cp.  amarill;1.08
Servilleta 33 x33 1 c. arado 100 serv.;30.91
Servilleta  33 x 33  ecolg.  27  paq. x 100;31.30
Servilleta 33x33 punta punta 36px100u;48.97
Servilleta 33 x33 x72 x50 salmon;82.10
Servilleta 40x40 1/8 24px100u;42.86
Servilletas  40 x 40 d/c  rojas  paq. 125 un.;3.01
Servilletas  40 x 40  d/c   30 paq. x 100;45.00
Servilleta 40 x 40 x 48 x 50 bl. d/c;39.60
Servilletas    40 x 40 x 50 x40  2 cp.  roja;1.44
Servilleta 40 x 40 x 40 x 60;39.60
Servilletas  40 x 40  d/c  48 x 50  amarillas;77.89
Servilletas   40 x 40 x 50    azul  2  cp.;67.61
Servilletas  40 x 40  d/c   24 paq.  100  burdeos;3.26
Servilletas  40 x 40  d/c  imp.  pleg.  1/8;33.55
Servilleta 40 x40 1/8 24 x100 iberostar;44.06
Servilletas  40 x 40  d/c  impr. 2 tintas la caset;38.96
Servilleta  40 x 40 d/c  impr. 2 tintas la caseta;29.21
Servilleta 40x40 punta punta 24px75u;34.17
Servilleta 40x40 punta punta 1/8 24px80u;36.10
Servilleta 40 x 40 d/c barcelo 1 tinta;33.00
Servilleta  40 x 40 x 50 x 48 paq.  rojas  d/c;61.66
Servilleta  40 x 40  2 cp.  rosa;62.52
Servilletas  40 x40  dc  rosa  48 pq. x 50;77.89
Servilletas  40 x 40  d/c   100 x 24   rosa;41.12
Servilletas  40 x40  dc  salmon 48 pq. x 50;77.89
Servilletas  40 x 40  dc  verde  48 pq. x 50;77.89
Servilletas 41x41x200x12;4.52
Servilletas  celulosa  amarilla  100 x 18;23.30
Rollo  cocina  marpel  2 x 20;15.00
Servilleta 33 x 33 x 40 x 100  amar. d/c;70.95
Servilleta 40 x40 x 48 x 50 colhogar;39.60
Servilletas 40 x 40 x 50 x 48 2 cp;57.71
Silk  cut   extra  mild;15.85
Servilleta 40 x 40 x 24 x 100 d/c;39.60
Servilleta  40 x 40 x 100 x 24  paq.  g. p.;1.71
Servilletas  celulosa  rojas  100 x 18  1 c.;22.55
Servilletas  scot  24 x 100;1.65
Silk  cut   ultra low;15.85
Servilletas  celulosa  verde  100 x 18  1 c.;23.30
Secador electrico   2000 wt.;98.58
Secador electrico   1850  wt.;87.16
Señoritas  guajiro;8.90
Secador de pelo  mural  autom.;88.66
Servilletas planas  25 x 25 x 500;2.87
Set  cubiertos  4  piezas;0.16
Sensor ibero optico;6.82
Limpia metales sidol 150 ml.;2.70
Saco  jabon  lav.   20  kg.;47.96
Spray  johnson  bio shout  quitamanchas;3.50
Silk  cut   norm.;15.85
Silk  cut   super  low;15.85
Servilletas mini service 140x100;0.30
Servilletas  miniservice   100 x 140   surf.;37.86
Servilleta  miniservice  140 x 100   tissue;0.30
Servilleta miniservi tissue 2000 unds.;6.50
Spray  limpiador  y  abr.  acero   1 x 12;14.74
Servilleta miniservi 40p x400u;41.35
Spray  de  mopa   arrixaca   1 x 12;5.36
Servilletero  miniservice   plast.;5.12
Servilleta  maxiservi  36 x 100;38.94
Serv.  maxiservice 30 x40 , 50 u. x 100 paq.;54.09
Sotal  negro   bot.  0'75  l.    16  und.;1.74
Sotal  rosado  perfumado  1 l. x 16;0.57
Sotal negro 1 l. 15 und.;1.95
Sorpresas surtidas disney.;6.35
Sotal rosado  perf.   5 l. x 4;2.07
Garrafa  sotal  rosado perf.  25  l.;10.37
Sotal  concentrado  negro  lata de 1lt.;6.61
Garrafa  de  sotal   negro   g.  20  l.;31.55
Estropajo  pulidor  spontex   6 x 10;1.95
Guante  especial  kryte  828  t/9;22.50
Servilletas  planas  20 x 20 x 400 x 70  paq.;114.00
Bote  spray   mopa   ind.;5.95
Spray  de  acero  inox    3m;11.96
Guantes  sponte    optimo  md. 5 x 10;2.10
Guantes primeco ex. grande;0.90
Guantes superfood  10 x 10 ( 100 )  peq.;
Guantes  superfood  10 x 10 ( 100 )  md.;
Guantes ultratec de nitrilo peq.50 x 10;95.00
Guantes  solo  vinilo  990  med.  10 x 100;9.92
Guante latex azul 995 peq. 100 x 10;5.15
Guante  latex  solo  spontex   10 x100;9.41
Guante latex solo  med.  10 x 100;9.41
Guante  latex  solo  grd.  10 x 100;9.41
Palo  azul  1,40  spontex  1310   pack  de  10;2.25
Fregona prof. apolo spontex 1145 peq.;1.55
Fregona  prof.  apollo  spontex   1390  gde.;2.49
Soporte  presion  mopa;3.42
Moppa   sol   750  ml.;5.71
Esponja con fibra bl. sponrex 79. 60 unds.;1.34
Quitamanchas   k2r    200 ml.;3.53
Bayeta  2 caras twinex  01 az.;9.65
Bayeta  2 caras  twinex  04  rosa  10 x 5;9.65
Bayeta  cristal  ultranet spontex  10 x 5 ( 50 );3.44
Bayeta  2 caras twinex  46  verde  10 x 5;9.65
Rollo  bayeta  posavaso spongyl  2 m.  x 15  un.;14.69
Rollo  fibra  verde    6 un.;12.80
Bayeta   2 caras  twinex  59  amarilla   10 x 5;9.65
Fibra negra mercury  6 x 10 x 60  cortada;234.01
Rollo fibra  negra  mercury  caja de  6 un.;95.67
Rollo no tejido solonet 2 x1;41.74
Bayeta stellair amar. 6 x 25;69.86
Bayeta  meteor  spontex  azul  10 x 10;11.25
Bayeta  meteor  spontex  verde  10 x 10;11.25
Bayeta  meteor  spontex   rosa  10 x 10;11.25
Bayeta  twinex  spontex  amarilla   5 un.;1.59
Colgador  inodoros  bco.  aerbloc  1250  caja  60;88.29
Sotal  rosado  perf.   g. 5 lts.;2.07
Sarten  san  ignacio  s.  24;8.53
Sarten  san ignacio  s.  28;11.31
Esponja quitamanchas borrafacil pack 2;1.10
Salero tapa negra;0.75
Salvauñas  ind.   7,5 x 15  x 32  u.  caja;0.55
Salvauñas pack. 3 caja 16 x 3;0.24
Rascador  de  suelos   10 cm.  mango  metal;12.02
Cuchillas  rascador  suelo    10  cm.;0.61
Suavizante   textil   10  lt.;1.10
Swing;9.32
Soporte escobilla w.c.;0.79
Swing  ligth;9.32
Servilleta zig zag narciso 100 x 300;36.75
Servilletas  zig  zag   150  x  200;0.20
Servilletas  zig  zag   120 x 200  hojas;32.45
Servilletas  zig  zag   100 x 250;0.27
Servilletas  zig zag  impr.  300  und.  100  paq.;0.34
Servilletas  zig zag  300 serv. 100 x 300 el tema;36.29
Servilletas   zig zag   40 x 200;10.11
Servilletas zig zag    42 x 200;12.62
Servilletas zig zag 50x200;12.62
Gorro barman t1;3.50
Gorro  barman t2;3.50
Servilletero   miniservice  acero  inox.;7.66
Gorro  barman t3;3.50
Tersol - amon   10  ltrs.;17.02
Tenedor  inox.  s. jorge   1 x 6;3.11
Tabla  de  planchar.;10.54
Tapa azul contenedor movil;10.00
Tapa verde contenedor movil;10.00
Tarjetas unicef;9.72
Tableta puros hechos a mano;11.72
Taburete   baño  toyma  535;12.62
Talon de comandas  10 x 20;5.42
Taza  de  cafe   lloret   1  x  12;2.58
Talonario comanda 1 x 20 triple;0.57
Taza  caldo  porc.  mont.  6 und.;2.14
Taza  de  cafe  alcopal;0.57
Comanda  triple  autocop.  b/10;165.36
Taza  cafe  cim  paq.  de  6  un.;1.38
Comanda doble autocop. b/10;7.50
Taza  desayuno  porc. mont. ger.   1 x 6;2.18
Taza   moka  porc.  mont.   6  un.;1.35
Taza  de  desay.  lloret   1  x  6;3.59
Detergente  en polvo  saco  25 kg.;39.32
Pasta  mecanico   5  kgs.;19.53
Tenedor plastico    1 x 36;0.81
Bandeja  de  fuon   250 x 175 x 35;0.08
;
Tapa  vaso  fom  200  ml.;0.02
Plato  p4  lam.  blanco   500  und.;0.14
Tenedor pequeño inox. 1 x 12;0.21
Cubo fregona galeon azul;4.00
Spray  mopa  jofel  1000;2.81
Fregona  multiuso  prof.  l;1.50
Fregona  crudo  extra  190  gr.  m.;1.35
Tenedor  p.  inox.  1 x 72;0.36
Fregona  ind. 400 grs. crudo  s/r x 24 un.;1.93
Fregona  ind. 450 grs. crudo s/r  x 24 un.;2.11
Tenedor  de  mesa  inox.   72  und.;0.81
Tabla  polietileno   38 x 23 x 2;8.35
Tabla de polietileno  50 x 30 x 2;21.41
Toallita  perfumada  limon  1 x 1800;0.06
Tenedor sierra cabo plastico    1 x 12;1.05
Carro de limpieza  con  cubo de 25 l. con  prensa;294.21
Mango  telescopico  3 x 2     6 m.;47.19
Recambio    mopa   80  cm.;10.79
Bastidor  mopadora    80;5.21
Mango  mopadora   alum.;5.36
Mopa   450  grs.   hilo   continuo   alg.;4.79
Mopa   tejido   especial;4.58
Pinza  soporte  mopa  4;3.77
Carro camarera 3 bandejas, c./ b.;320.05
Carro  tecno  camarera  band.  madera;271.67
Carro  de  limpieza  con  cubo  de  25  lt.;203.74
Carro  tecno  serv. bandeja  con  prensa  y  cubo;294.21
Clip  portasacos;1.74
Señal  suelo  humedo    esp. - ing.;17.38
Prensa  carro  mopa;60.94
Carro  con  bolsa  de  lona  pl.;113.29
Cepillo  quita  polvo  ovalado;6.49
Cepillo  quita  polvo  curvado;5.98
Cepillo   p v c   de   60  cm.;13.70
Carro   nick  1 x 25  lts.  fibra;146.93
Cubo junior c/r  y  prensa   25 l.;113.74
Carro  nick  2 x 25  l.  c/ bastidor;147.50
Carro  de  limpieza  con  dos  cubos  25  l.;137.03
Limpiacristales  inox  35 cm.;9.27
Limpiacristales  inox.  45  cm.;9.48
Empuñadura   inox.;4.76
Soporte  plastico  mojador  35  cm.;4.15
Recambio  mojador  35  cm.;5.86
Mango  telescopico  2 x 1,5  cms.;25.48
Mango  telescopico  2 x 2;27.24
Mango  telescopico  2 x 1  mtr.;15.40
Soporte  cuchillas   inox.;3.77
Cuchillas  rascadoras   inox.   ( 10 und. );3.47
Tapa para vaso transp.  330 cc  1000;0.02
Toalletas  z z  tissue    18 x 200   2 cp.;1.95
Toalleta tissue z z 20 x 200 d/c;1.95
Toalletas secamanos  natural   24 x 200;1.50
Caja toalletas   zig zag  24 x 200   blancas;37.50
Toalletas  z z  tissue    24 x 200   2 cp.;1.74
Toalletas secamanos  30 x 200 x 2 cp.;1.74
Toalletas zig zag  20 x 200 x 2 c.  colhogar;2.22
Mantel ule bl. 1,50;4.50
Vaso  ola  arc.  7    1  x  48;0.32
Mango  aparato  limpicristales  evol;8.33
Rascador  evol;8.40
Cuchillas  rascador  evol  p/25  inox;0.47
Velas  archipielago  amarillas  6 x 30 paq.;37.86
Alfombra   ultimat   40 x 60  gris;17.63
Alfombra  ultimat   90 x 150   gris;60.95
Velas archipielago azules 6 x 30 paq.;1.30
Vaso plast. blanco 100 ccx4800;0.03
Vaso plast. blanco  220 cc x 3000;0.02
Velas  archipielago  naranjas  6 x 30 paq.;37.86
Vaso  ola  arcoroc   3 x 24;0.39
Velas archipielago rosa 6 x 30 paq.;1.30
Vaso plast. transp. 330 cc x 1250;0.05
Vaso plast. transp. 500 c.c. 800 u.;85.00
Vela archipielago violeta 6 uu.;2.56
Vela archipielago verde 6 u.;2.56
Vaso   blanco    220  x  10  und.;0.27
Vaso  bl.  plast.  330 cc  caja  50 x 50  paq.;0.04
Vela  blanca  elefante   1 x 6;0.27
Vaso  bl.  80  cc.  3500  und.;0.01
Vela archipielago bl. 6 x 30;39.15
Vaso blanco  200  cc x  3000;0.03
Vaso pl. blanco  220 cc x 2500;0.02
Blister  12  velas  magica;0.90
Caja  velas  cumpleaños   24  un.;1.10
Vaso chupito gin   1 x 24;0.25
Vaso  caña  lisa  20   1 x 72  un.;0.39
Vaso  caña  lisa   14    1 x 72;0.36
Vaso caña lisa  18 x 24;0.30
Vaso cortado cigueña    6 und.;0.30
Desengrasante  videsgras  q  5 kg.;13.99
Vaso  de  fon  con  tapa   220  cc. x  1000;0.05
Viceroy  ks;7.81
Desengrasante  videsgras  l   5  kg.;14.74
Recambio  labio  goma  35  cm.;2.24
Recambio  labio  goma   45  cm.;2.74
Limpiacristales  visa-versa  mojador  y  labio;28.18
Vajilla  manual  bot.   250   cc  caja   48 un.;0.48
Vajilla  manual  777   -   4 lt.  x  6;15.19
Vajilla tres siete  4 lt x 4 unds.;10.13
Vaso   transp.  370  cc.  c / tapa  nupik;0.08
Vaso  olas  3  arcorc  48  und.;0.42
Vaso saboya hostel. 4;21.78
Vaso  olas   8  x  48;0.27
Vaso oslo agua;0.96
Vaso ola arcoroc   8 x 48;0.24
Vaso oslo rock   24 und.;1.06
Vaso  transp.  250 c.c.  2000;60.00
Vaso saboya 7;0.31
Vela de surf 144 und.;9.10
Vaso plast.   100 cc x 3500  und.  nupik;0.02
Vaso  transp.   220  cc.  x  3000;0.03
Vaso tubo arcoroc   1 x 48;0.49
Vaso  tubo  arcoroc  ref.  24  und.;0.43
Vaso tubito arcoroc  1x24;0.54
Vaso  de  tubo  duralex   24  un.;0.48
Vaso  tubo  vip  duralex   36  und.;0.57
Vaso  de  tubo   dx   3    1  x  36;0.48
Vaso  tubo  hostel.  3  x  36;0.39
Vaso  tubo  hosteleria   1 x 36;0.36
Vaso tubito luminar  1x24;0.45
Vaso  tubo  luminar  24  und.;0.36
Vaso  tubo  plast.  1 x 42  x 10;0.11
Vaso  tubo  plastico  50 x 10;0.09
Vaso plastico trans. 100 c c 35 x 50;33.77
Vaso  taberne   1 x 24  und.;1.19
Vinagrera  toyma   1 x 2;4.16
Valvula dosificador multimix;7.57
Vaso  vino  oslo   1 x 54;0.64
West;14.50
West light;14.50
Winston;13.75
Winston  light;13.75
Mantel  30 x 40  impreso  2 tintas  giulio  pizz.;12.92
Mantel  1 x 1  50 grs.  amarillo  400 und.;57.35
Rollo  mantel  cuadro  azul  25 m.  x  25 un.;4.81
Rascador  de vidrio  ug 1 x 1;4.16
Paq. 5  cuch.  vidrio ug;2.90
Empuñadura  prof.  pl;6.91
Portacuchillas  10  cuchilla limp.;11.37
Familia bruguera  100 und.;5.72
